preset_name,nozzle_variant,nozzle_diameter,high_flow,indx,filament_type,filament_vendor,filament_max_volumetric_speed,temperature,first_layer_temperature,bed_temperature,first_layer_bed_temperature,chamber_temperature,chamber_minimal_temperature,extrusion_multiplier,filament_abrasive,filament_retract_length,filament_retract_speed,min_fan_speed,max_fan_speed,cooling,fan_always_on,filament_shrinkage_compensation_xy,pressure_advance_m572_s,pa_conditional,pa_note
Buddy3D PLA @COREONE,0.4,0.4,0,0,PLA,Buddy3D,15,225,230,60,60,20,0,1,,,,85,100,1,1,,0.032,conditional,S value templated on nozzle_diameter; resolved for this variant
Buddy3D PLA @COREONE 0.6,0.6,0.6,0,0,PLA,Buddy3D,15.5,220,230,60,60,20,0,1,,,,85,100,1,1,,0.019,conditional,S value templated on nozzle_diameter; resolved for this variant
Buddy3D PLA @COREONE 0.8,0.8,0.8,0,0,PLA,Buddy3D,19,225,230,60,60,20,0,1,,,,85,100,1,1,,0.013,conditional,S value templated on nozzle_diameter; resolved for this variant
Buddy3D PLA @COREONE HF0.4,HF0.4,0.4,1,0,PLA,Buddy3D,24,230,230,60,60,20,0,1,,,,85,100,1,1,,0.032,conditional,S value templated on nozzle_diameter; resolved for this variant
Buddy3D PLA @COREONE HF0.5,HF0.5,0.5,1,0,PLA,Buddy3D,27,230,230,60,60,20,0,1,,,,85,100,1,1,,0.022,conditional,S value templated on nozzle_diameter; resolved for this variant
Buddy3D PLA @COREONE HF0.6,HF0.6,0.6,1,0,PLA,Buddy3D,30,230,230,60,60,20,0,1,,,,85,100,1,1,,0.019,conditional,S value templated on nozzle_diameter; resolved for this variant
Buddy3D PLA @COREONE HF0.8,HF0.8,0.8,1,0,PLA,Buddy3D,36,230,230,60,60,20,0,1,,,,85,100,1,1,,0.013,conditional,S value templated on nozzle_diameter; resolved for this variant
Buddy3D PLA SILK @COREONE,0.4,0.4,0,0,PLA,Buddy3D,7.5,225,230,60,60,20,0,1,,,,85,100,1,1,,0.03,conditional,S value templated on nozzle_diameter; resolved for this variant
Buddy3D PLA SILK @COREONE 0.6,0.6,0.6,0,0,PLA,Buddy3D,9,215,230,60,60,20,0,1,,,,85,100,1,1,,0.018,conditional,S value templated on nozzle_diameter; resolved for this variant
Buddy3D PLA SILK @COREONE 0.8,0.8,0.8,0,0,PLA,Buddy3D,12,225,230,60,60,20,0,1,,,,85,100,1,1,,0.012,conditional,S value templated on nozzle_diameter; resolved for this variant
Buddy3D PETG @COREONE,0.4,0.4,0,0,PETG,Buddy3D,12,250,250,85,85,35,0,1,,0.8,,30,60,1,1,,0.058,conditional,S value templated on nozzle_diameter; resolved for this variant
Buddy3D PETG @COREONE 0.6,0.6,0.6,0,0,PETG,Buddy3D,17,250,250,85,85,35,0,1,,0.8,,30,60,1,1,,0.038,conditional,S value templated on nozzle_diameter; resolved for this variant
Buddy3D PETG @COREONE 0.8,0.8,0.8,0,0,PETG,Buddy3D,22,250,250,85,85,35,0,1,,0.8,,30,65,1,1,,0.025,conditional,S value templated on nozzle_diameter; resolved for this variant
Buddy3D PETG @COREONE HF0.4,HF0.4,0.4,1,0,PETG,Buddy3D,21,255,255,85,85,35,0,1,,0.8,,30,60,1,1,,0.055,conditional,S value templated on nozzle_diameter; resolved for this variant
Buddy3D PETG @COREONE HF0.5,HF0.5,0.5,1,0,PETG,Buddy3D,24,255,255,85,85,35,0,1,,0.8,,30,60,1,1,,0.049,conditional,S value templated on nozzle_diameter; resolved for this variant
Buddy3D PETG @COREONE HF0.6,HF0.6,0.6,1,0,PETG,Buddy3D,27,255,255,85,85,35,0,1,,0.8,,30,60,1,1,,0.039,conditional,S value templated on nozzle_diameter; resolved for this variant
Buddy3D PETG @COREONE HF0.8,HF0.8,0.8,1,0,PETG,Buddy3D,33,260,260,85,85,35,0,1,,0.8,,30,65,1,1,,0.028,conditional,S value templated on nozzle_diameter; resolved for this variant
Buddy3D ASA @COREONE,0.4,0.4,0,0,ASA,Buddy3D,12,260,260,110,110,55,40,1,,,,20,25,1,1,0.22%,0.03,conditional,S value templated on nozzle_diameter; resolved for this variant
Buddy3D ASA @COREONE 0.6,0.6,0.6,0,0,ASA,Buddy3D,14,260,260,110,110,55,40,1,,,,20,25,1,1,0.22%,0.02,conditional,S value templated on nozzle_diameter; resolved for this variant
Buddy3D ASA @COREONE 0.8,0.8,0.8,0,0,ASA,Buddy3D,17,260,260,110,110,55,40,1,,,,20,30,1,1,0.22%,0.014,conditional,S value templated on nozzle_diameter; resolved for this variant
Buddy3D ASA @COREONE HF0.4,HF0.4,0.4,1,0,ASA,Buddy3D,20,265,265,110,110,55,40,1,,,,20,25,1,1,0.22%,0.03,conditional,S value templated on nozzle_diameter; resolved for this variant
Buddy3D ASA @COREONE HF0.5,HF0.5,0.5,1,0,ASA,Buddy3D,20,265,265,110,110,55,40,1,,,,20,25,1,1,0.22%,0.025,conditional,S value templated on nozzle_diameter; resolved for this variant
Buddy3D ASA @COREONE HF0.6,HF0.6,0.6,1,0,ASA,Buddy3D,24,265,265,110,110,55,40,1,,,,20,25,1,1,0.22%,0.02,conditional,S value templated on nozzle_diameter; resolved for this variant
Buddy3D ASA @COREONE HF0.8,HF0.8,0.8,1,0,ASA,Buddy3D,27,270,270,110,110,55,40,1,,,,20,30,1,1,0.22%,0.014,conditional,S value templated on nozzle_diameter; resolved for this variant
Buddy3D ABS @COREONE,0.4,0.4,0,0,ABS,Buddy3D,15,255,255,110,110,55,40,0.96,,,,15,20,1,0,0.22%,0.025,conditional,S value templated on nozzle_diameter; resolved for this variant
Buddy3D ABS @COREONE 0.6,0.6,0.6,0,0,ABS,Buddy3D,15,255,255,110,110,55,40,0.96,,,,15,20,1,0,0.22%,0.018,conditional,S value templated on nozzle_diameter; resolved for this variant
Buddy3D ABS @COREONE 0.8,0.8,0.8,0,0,ABS,Buddy3D,18,260,260,110,110,55,40,0.96,,,,15,20,1,0,0.22%,0.012,conditional,S value templated on nozzle_diameter; resolved for this variant
Buddy3D ABS @COREONE HF0.4,HF0.4,0.4,1,0,ABS,Buddy3D,25,255,255,110,110,55,40,0.96,,,,15,20,1,0,0.22%,0.025,conditional,S value templated on nozzle_diameter; resolved for this variant
Buddy3D ABS @COREONE HF0.5,HF0.5,0.5,1,0,ABS,Buddy3D,27,255,255,110,110,55,40,0.96,,,,15,20,1,0,0.22%,0.021,conditional,S value templated on nozzle_diameter; resolved for this variant
Buddy3D ABS @COREONE HF0.6,HF0.6,0.6,1,0,ABS,Buddy3D,34,255,255,110,110,55,40,0.96,,,,15,20,1,0,0.22%,0.018,conditional,S value templated on nozzle_diameter; resolved for this variant
Buddy3D ABS @COREONE HF0.8,HF0.8,0.8,1,0,ABS,Buddy3D,36,260,260,110,110,55,40,0.96,,,,15,20,1,0,0.22%,0.012,conditional,S value templated on nozzle_diameter; resolved for this variant
Buddy3D ABS MATT @COREONE,0.4,0.4,0,0,ABS,Buddy3D,15,255,255,110,110,55,40,1,,,,15,20,1,0,0.22%,0.02,conditional,S value templated on nozzle_diameter; resolved for this variant
Buddy3D ABS MATT @COREONE 0.6,0.6,0.6,0,0,ABS,Buddy3D,15,255,255,110,110,55,40,1,,,,15,20,1,0,0.22%,0.012,conditional,S value templated on nozzle_diameter; resolved for this variant
Buddy3D ABS MATT @COREONE 0.8,0.8,0.8,0,0,ABS,Buddy3D,18,260,260,110,110,55,40,1,,,,15,20,1,0,0.22%,0.01,conditional,S value templated on nozzle_diameter; resolved for this variant
Buddy3D ABS MATT @COREONE HF0.4,HF0.4,0.4,1,0,ABS,Buddy3D,25,255,255,110,110,55,40,1,,,,15,20,1,0,0.22%,0.02,conditional,S value templated on nozzle_diameter; resolved for this variant
Buddy3D ABS MATT @COREONE HF0.5,HF0.5,0.5,1,0,ABS,Buddy3D,27,255,255,110,110,55,40,1,,,,15,20,1,0,0.22%,0.018,conditional,S value templated on nozzle_diameter; resolved for this variant
Buddy3D ABS MATT @COREONE HF0.6,HF0.6,0.6,1,0,ABS,Buddy3D,34,255,255,110,110,55,40,1,,,,15,20,1,0,0.22%,0.015,conditional,S value templated on nozzle_diameter; resolved for this variant
Buddy3D ABS MATT @COREONE HF0.8,HF0.8,0.8,1,0,ABS,Buddy3D,36,260,260,110,110,55,40,1,,,,15,20,1,0,0.22%,0.01,conditional,S value templated on nozzle_diameter; resolved for this variant
Buddy3D ABS ESD @COREONE,0.4,0.4,0,0,ABS,Buddy3D,15,255,255,110,110,55,40,1,,,,15,20,1,0,0.22%,0.02,conditional,S value templated on nozzle_diameter; resolved for this variant
Buddy3D ABS ESD @COREONE 0.6,0.6,0.6,0,0,ABS,Buddy3D,15,255,255,110,110,55,40,1,,,,15,20,1,0,0.22%,0.012,conditional,S value templated on nozzle_diameter; resolved for this variant
Buddy3D ABS ESD @COREONE 0.8,0.8,0.8,0,0,ABS,Buddy3D,18,260,260,110,110,55,40,1,,,,15,20,1,0,0.22%,0.01,conditional,S value templated on nozzle_diameter; resolved for this variant
Buddy3D ABS ESD @COREONE HF0.4,HF0.4,0.4,1,0,ABS,Buddy3D,25,255,255,110,110,55,40,1,,,,15,20,1,0,0.22%,0.02,conditional,S value templated on nozzle_diameter; resolved for this variant
Buddy3D ABS ESD @COREONE HF0.5,HF0.5,0.5,1,0,ABS,Buddy3D,27,255,255,110,110,55,40,1,,,,15,20,1,0,0.22%,0.018,conditional,S value templated on nozzle_diameter; resolved for this variant
Buddy3D ABS ESD @COREONE HF0.6,HF0.6,0.6,1,0,ABS,Buddy3D,34,255,255,110,110,55,40,1,,,,15,20,1,0,0.22%,0.015,conditional,S value templated on nozzle_diameter; resolved for this variant
Buddy3D ABS ESD @COREONE HF0.8,HF0.8,0.8,1,0,ABS,Buddy3D,36,260,260,110,110,55,40,1,,,,15,20,1,0,0.22%,0.01,conditional,S value templated on nozzle_diameter; resolved for this variant
ColorFabb bronzeFill @COREONE,0.4,0.4,0,0,PLA,ColorFabb,4,210,215,60,60,20,0,1.05,1,,,85,100,1,1,,0.036,conditional,S value templated on nozzle_diameter; resolved for this variant
ColorFabb bronzeFill @COREONE 0.6,0.6,0.6,0,0,PLA,ColorFabb,9,210,215,60,60,20,0,1.05,1,,,85,100,1,1,,0.022,conditional,S value templated on nozzle_diameter; resolved for this variant
ColorFabb bronzeFill @COREONE 0.8,0.8,0.8,0,0,PLA,ColorFabb,9,210,215,60,60,20,0,1.05,1,,,85,100,1,1,,0.014,conditional,S value templated on nozzle_diameter; resolved for this variant
ColorFabb steelFill @COREONE,0.4,0.4,0,0,PLA,ColorFabb,4,210,215,60,60,20,0,1.04,1,,,85,100,1,1,,0.036,conditional,S value templated on nozzle_diameter; resolved for this variant
ColorFabb steelFill @COREONE 0.6,0.6,0.6,0,0,PLA,ColorFabb,9,210,215,60,60,20,0,1.04,1,,,85,100,1,1,,0.022,conditional,S value templated on nozzle_diameter; resolved for this variant
ColorFabb steelFill @COREONE 0.8,0.8,0.8,0,0,PLA,ColorFabb,12.5,210,215,60,60,20,0,1.04,1,,,85,100,1,1,,0.014,conditional,S value templated on nozzle_diameter; resolved for this variant
ColorFabb copperFill @COREONE,0.4,0.4,0,0,PLA,ColorFabb,4,210,215,60,60,20,0,1.06,1,,,85,100,1,1,,0.036,conditional,S value templated on nozzle_diameter; resolved for this variant
ColorFabb copperFill @COREONE 0.6,0.6,0.6,0,0,PLA,ColorFabb,9,210,215,60,60,20,0,1.06,1,,,85,100,1,1,,0.022,conditional,S value templated on nozzle_diameter; resolved for this variant
ColorFabb copperFill @COREONE 0.8,0.8,0.8,0,0,PLA,ColorFabb,12.5,210,215,60,60,20,0,1.06,1,,,85,100,1,1,,0.014,conditional,S value templated on nozzle_diameter; resolved for this variant
ColorFabb HT @COREONE,0.4,0.4,0,0,PETG,ColorFabb,5,270,270,110,110,35,0,1,,0.8,,10,25,1,0,,0.053,conditional,S value templated on nozzle_diameter; resolved for this variant
ColorFabb HT @COREONE 0.6,0.6,0.6,0,0,PETG,ColorFabb,10,260,270,110,110,35,0,1,,0.8,,15,25,1,0,,0.032,conditional,S value templated on nozzle_diameter; resolved for this variant
ColorFabb HT @COREONE 0.8,0.8,0.8,0,0,PETG,ColorFabb,14,270,270,110,110,35,0,1,,0.8,,15,25,1,0,,0.018,conditional,S value templated on nozzle_diameter; resolved for this variant
ColorFabb HT @COREONE HF0.4,HF0.4,0.4,1,0,PETG,ColorFabb,12,270,270,110,110,35,0,1,,0.8,,10,25,1,0,,0.047,conditional,S value templated on nozzle_diameter; resolved for this variant
ColorFabb HT @COREONE HF0.5,HF0.5,0.5,1,0,PETG,ColorFabb,12,270,270,110,110,35,0,1,,0.8,,10,25,1,0,,0.042,conditional,S value templated on nozzle_diameter; resolved for this variant
ColorFabb HT @COREONE HF0.6,HF0.6,0.6,1,0,PETG,ColorFabb,15,270,270,110,110,35,0,1,,0.8,,15,25,1,0,,0.033,conditional,S value templated on nozzle_diameter; resolved for this variant
ColorFabb HT @COREONE HF0.8,HF0.8,0.8,1,0,PETG,ColorFabb,20,270,270,110,110,35,0,1,,0.8,,15,25,1,0,,0.021,conditional,S value templated on nozzle_diameter; resolved for this variant
ColorFabb PLA-PHA @COREONE,0.4,0.4,0,0,PLA,ColorFabb,10,220,230,60,60,20,0,1,,,,85,100,1,1,,0.036,conditional,S value templated on nozzle_diameter; resolved for this variant
ColorFabb PLA-PHA @COREONE 0.6,0.6,0.6,0,0,PLA,ColorFabb,15.5,220,230,60,60,20,0,1,,,,85,100,1,1,,0.022,conditional,S value templated on nozzle_diameter; resolved for this variant
ColorFabb PLA-PHA @COREONE 0.8,0.8,0.8,0,0,PLA,ColorFabb,19,220,230,60,60,20,0,1,,,,85,100,1,1,,0.014,conditional,S value templated on nozzle_diameter; resolved for this variant
ColorFabb PLA-PHA @COREONE HF0.4,HF0.4,0.4,1,0,PLA,ColorFabb,15,220,230,60,60,20,0,1,,,,85,100,1,1,,0.036,conditional,S value templated on nozzle_diameter; resolved for this variant
ColorFabb PLA-PHA @COREONE HF0.5,HF0.5,0.5,1,0,PLA,ColorFabb,15,220,230,60,60,20,0,1,,,,85,100,1,1,,0.026,conditional,S value templated on nozzle_diameter; resolved for this variant
ColorFabb PLA-PHA @COREONE HF0.6,HF0.6,0.6,1,0,PLA,ColorFabb,28,220,230,60,60,20,0,1,,,,85,100,1,1,,0.022,conditional,S value templated on nozzle_diameter; resolved for this variant
ColorFabb PLA-PHA @COREONE HF0.8,HF0.8,0.8,1,0,PLA,ColorFabb,35,220,230,60,60,20,0,1,,,,85,100,1,1,,0.015,conditional,S value templated on nozzle_diameter; resolved for this variant
ColorFabb woodFill @COREONE,0.4,0.4,0,0,PLA,ColorFabb,9,200,200,60,60,20,0,1.05,,,,85,100,1,1,,0.036,conditional,S value templated on nozzle_diameter; resolved for this variant
ColorFabb woodFill @COREONE 0.6,0.6,0.6,0,0,PLA,ColorFabb,13,200,200,60,60,20,0,1.03,,,,85,100,1,1,,0.022,conditional,S value templated on nozzle_diameter; resolved for this variant
ColorFabb woodFill @COREONE 0.8,0.8,0.8,0,0,PLA,ColorFabb,16,200,200,60,60,20,0,1.03,,,,85,100,1,1,,0.014,conditional,S value templated on nozzle_diameter; resolved for this variant
ColorFabb corkFill @COREONE,0.4,0.4,0,0,PLA,ColorFabb,5,220,220,60,60,20,0,1.05,1,,,85,100,1,1,,0.036,conditional,S value templated on nozzle_diameter; resolved for this variant
ColorFabb corkFill @COREONE 0.6,0.6,0.6,0,0,PLA,ColorFabb,10,215,220,60,60,20,0,1.03,1,,,85,100,1,1,,0.022,conditional,S value templated on nozzle_diameter; resolved for this variant
ColorFabb corkFill @COREONE 0.8,0.8,0.8,0,0,PLA,ColorFabb,13,215,220,60,60,20,0,1.03,1,,,85,100,1,1,,0.014,conditional,S value templated on nozzle_diameter; resolved for this variant
ColorFabb XT @COREONE,0.4,0.4,0,0,PETG,ColorFabb,6,260,260,90,85,35,0,1,,0.8,,30,60,1,1,,0.053,conditional,S value templated on nozzle_diameter; resolved for this variant
ColorFabb XT @COREONE 0.6,0.6,0.6,0,0,PETG,ColorFabb,10,260,260,90,85,35,0,1,,0.8,,30,60,1,1,,0.032,conditional,S value templated on nozzle_diameter; resolved for this variant
ColorFabb XT @COREONE 0.8,0.8,0.8,0,0,PETG,ColorFabb,14,260,260,90,85,35,0,1,,0.8,,30,65,1,1,,0.018,conditional,S value templated on nozzle_diameter; resolved for this variant
ColorFabb XT @COREONE HF0.4,HF0.4,0.4,1,0,PETG,ColorFabb,10,260,260,90,85,35,0,1,,0.8,,30,60,1,1,,0.047,conditional,S value templated on nozzle_diameter; resolved for this variant
ColorFabb XT @COREONE HF0.5,HF0.5,0.5,1,0,PETG,ColorFabb,12,260,260,90,85,35,0,1,,0.8,,30,60,1,1,,0.042,conditional,S value templated on nozzle_diameter; resolved for this variant
ColorFabb XT @COREONE HF0.6,HF0.6,0.6,1,0,PETG,ColorFabb,15,260,260,90,85,35,0,1,,0.8,,30,60,1,1,,0.033,conditional,S value templated on nozzle_diameter; resolved for this variant
ColorFabb XT @COREONE HF0.8,HF0.8,0.8,1,0,PETG,ColorFabb,19,260,260,90,85,35,0,1,,0.8,,30,65,1,1,,0.021,conditional,S value templated on nozzle_diameter; resolved for this variant
ColorFabb XT-CF20 @COREONE,0.4,0.4,0,0,PETG,ColorFabb,4.8,260,260,90,90,35,0,1,1,0.8,,30,60,1,1,,0.053,conditional,S value templated on nozzle_diameter; resolved for this variant
ColorFabb XT-CF20 @COREONE 0.6,0.6,0.6,0,0,PETG,ColorFabb,7,260,260,90,90,35,0,1,1,0.8,,30,60,1,1,,0.032,conditional,S value templated on nozzle_diameter; resolved for this variant
ColorFabb XT-CF20 @COREONE 0.8,0.8,0.8,0,0,PETG,ColorFabb,10,260,260,90,90,35,0,1,1,0.8,,30,65,1,1,,0.018,conditional,S value templated on nozzle_diameter; resolved for this variant
ColorFabb nGen @COREONE,0.4,0.4,0,0,NGEN,ColorFabb,12,240,240,90,85,35,0,1,,0.8,,15,25,1,0,,0.053,conditional,S value templated on nozzle_diameter; resolved for this variant
ColorFabb nGen @COREONE 0.6,0.6,0.6,0,0,NGEN,ColorFabb,17,235,240,90,85,35,0,1,,0.8,,15,25,1,0,,0.032,conditional,S value templated on nozzle_diameter; resolved for this variant
ColorFabb nGen @COREONE 0.8,0.8,0.8,0,0,NGEN,ColorFabb,22,240,240,90,85,35,0,1,,0.8,,15,25,1,0,,0.018,conditional,S value templated on nozzle_diameter; resolved for this variant
ColorFabb nGen @COREONE HF0.4,HF0.4,0.4,1,0,NGEN,ColorFabb,22,240,240,90,85,35,0,1,,0.8,,15,25,1,0,,0.047,conditional,S value templated on nozzle_diameter; resolved for this variant
ColorFabb nGen @COREONE HF0.5,HF0.5,0.5,1,0,NGEN,ColorFabb,24,240,240,90,85,35,0,1,,0.8,,15,25,1,0,,0.042,conditional,S value templated on nozzle_diameter; resolved for this variant
ColorFabb nGen @COREONE HF0.6,HF0.6,0.6,1,0,NGEN,ColorFabb,30,235,240,90,85,35,0,1,,0.8,,15,25,1,0,,0.033,conditional,S value templated on nozzle_diameter; resolved for this variant
ColorFabb nGen @COREONE HF0.8,HF0.8,0.8,1,0,NGEN,ColorFabb,36,240,240,90,85,35,0,1,,0.8,,15,25,1,0,,0.021,conditional,S value templated on nozzle_diameter; resolved for this variant
ColorFabb nGen flex @COREONE,0.4,0.4,0,0,FLEX,ColorFabb,5,260,260,85,85,30,0,1,,2.5,60,20,20,1,0,,,,no M572 in start_filament_gcode
ColorFabb nGen flex @COREONE 0.6,0.6,0.6,0,0,FLEX,ColorFabb,6,250,260,85,85,30,0,1,,,60,20,20,1,0,,,,no M572 in start_filament_gcode
ColorFabb nGen flex @COREONE 0.8,0.8,0.8,0,0,FLEX,ColorFabb,9,255,260,85,85,30,0,1,,,60,20,20,1,0,,,,no M572 in start_filament_gcode
ColorFabb PLA High Speed PRO @COREONE,0.4,0.4,0,0,PLA,ColorFabb,15,220,230,60,60,20,0,0.99,,,,85,100,1,1,,0.03,conditional,S value templated on nozzle_diameter; resolved for this variant
ColorFabb PLA High Speed PRO @COREONE 0.6,0.6,0.6,0,0,PLA,ColorFabb,15.5,220,230,60,60,20,0,0.99,,,,85,100,1,1,,0.021,conditional,S value templated on nozzle_diameter; resolved for this variant
ColorFabb PLA High Speed PRO @COREONE 0.8,0.8,0.8,0,0,PLA,ColorFabb,19,220,230,60,60,20,0,0.99,,,,85,100,1,1,,0.012,conditional,S value templated on nozzle_diameter; resolved for this variant
ColorFabb PLA High Speed PRO @COREONE HF0.4,HF0.4,0.4,1,0,PLA,ColorFabb,22,220,230,60,60,20,0,0.99,,,,85,100,1,1,,0.03,conditional,S value templated on nozzle_diameter; resolved for this variant
ColorFabb PLA High Speed PRO @COREONE HF0.5,HF0.5,0.5,1,0,PLA,ColorFabb,22,220,230,60,60,20,0,0.99,,,,85,100,1,1,,0.024,conditional,S value templated on nozzle_diameter; resolved for this variant
ColorFabb PLA High Speed PRO @COREONE HF0.6,HF0.6,0.6,1,0,PLA,ColorFabb,25,220,230,60,60,20,0,0.99,,,,85,100,1,1,,0.021,conditional,S value templated on nozzle_diameter; resolved for this variant
ColorFabb PLA High Speed PRO @COREONE HF0.8,HF0.8,0.8,1,0,PLA,ColorFabb,30,220,230,60,60,20,0,0.99,,,,85,100,1,1,,0.012,conditional,S value templated on nozzle_diameter; resolved for this variant
ColorFabb Vibers @COREONE,0.4,0.4,0,0,PLA,ColorFabb,4,210,210,60,60,20,0,1,1,,,85,100,1,1,,0.036,conditional,S value templated on nozzle_diameter; resolved for this variant
ColorFabb Vibers @COREONE 0.6,0.6,0.6,0,0,PLA,ColorFabb,6,210,210,60,60,20,0,1,1,,,85,100,1,1,,0.022,conditional,S value templated on nozzle_diameter; resolved for this variant
ColorFabb GlowFill @COREONE,0.4,0.4,0,0,PLA,ColorFabb,4,210,210,60,60,20,0,1,1,,,85,100,1,1,,0.036,conditional,S value templated on nozzle_diameter; resolved for this variant
ColorFabb GlowFill @COREONE 0.6,0.6,0.6,0,0,PLA,ColorFabb,7,210,210,60,60,20,0,1,1,,,85,100,1,1,,0.022,conditional,S value templated on nozzle_diameter; resolved for this variant
ColorFabb allPHA @COREONE,0.4,0.4,0,0,PLA,ColorFabb,4,200,200,0,0,20,0,1,,,,85,100,1,1,,0.036,conditional,S value templated on nozzle_diameter; resolved for this variant
ColorFabb allPHA @COREONE 0.6,0.6,0.6,0,0,PLA,ColorFabb,6,200,200,0,0,20,0,1,,,,85,100,1,1,,0.022,conditional,S value templated on nozzle_diameter; resolved for this variant
ColorFabb PLA Economy @COREONE,0.4,0.4,0,0,PLA,ColorFabb,10,215,220,60,60,20,0,1,,,,85,100,1,1,,0.036,conditional,S value templated on nozzle_diameter; resolved for this variant
ColorFabb PLA Economy @COREONE 0.6,0.6,0.6,0,0,PLA,ColorFabb,14,215,220,60,60,20,0,1,,,,85,100,1,1,,0.022,conditional,S value templated on nozzle_diameter; resolved for this variant
ColorFabb PLA Economy @COREONE HF0.4,HF0.4,0.4,1,0,PLA,ColorFabb,14,215,220,60,60,20,0,1,,,,85,100,1,1,,0.036,conditional,S value templated on nozzle_diameter; resolved for this variant
ColorFabb PLA Economy @COREONE HF0.6,HF0.6,0.6,1,0,PLA,ColorFabb,17,215,220,60,60,20,0,1,,,,85,100,1,1,,0.022,conditional,S value templated on nozzle_diameter; resolved for this variant
ColorFabb rPLA @COREONE,0.4,0.4,0,0,PLA,ColorFabb,10,215,220,60,60,20,0,1,,,,85,100,1,1,,0.036,conditional,S value templated on nozzle_diameter; resolved for this variant
ColorFabb rPLA @COREONE 0.6,0.6,0.6,0,0,PLA,ColorFabb,14,215,220,60,60,20,0,1,,,,85,100,1,1,,0.022,conditional,S value templated on nozzle_diameter; resolved for this variant
ColorFabb rPLA @COREONE HF0.4,HF0.4,0.4,1,0,PLA,ColorFabb,14,215,220,60,60,20,0,1,,,,85,100,1,1,,0.036,conditional,S value templated on nozzle_diameter; resolved for this variant
ColorFabb rPLA @COREONE HF0.6,HF0.6,0.6,1,0,PLA,ColorFabb,17,215,220,60,60,20,0,1,,,,85,100,1,1,,0.022,conditional,S value templated on nozzle_diameter; resolved for this variant
ColorFabb PETG @COREONE,0.4,0.4,0,0,PETG,ColorFabb,12,250,250,90,85,35,0,1,,0.8,,30,60,1,1,,0.053,conditional,S value templated on nozzle_diameter; resolved for this variant
ColorFabb PETG @COREONE 0.6,0.6,0.6,0,0,PETG,ColorFabb,15,250,250,90,85,35,0,1,,0.8,,30,60,1,1,,0.032,conditional,S value templated on nozzle_diameter; resolved for this variant
ColorFabb PETG @COREONE HF0.4,HF0.4,0.4,1,0,PETG,ColorFabb,12,250,250,90,85,35,0,1,,0.8,,30,60,1,1,,0.047,conditional,S value templated on nozzle_diameter; resolved for this variant
ColorFabb PETG @COREONE HF0.6,HF0.6,0.6,1,0,PETG,ColorFabb,17,250,250,90,85,35,0,1,,0.8,,30,60,1,1,,0.033,conditional,S value templated on nozzle_diameter; resolved for this variant
ColorFabb ASA @COREONE,0.4,0.4,0,0,ASA,ColorFabb,10,260,260,105,105,55,40,1,,,,20,25,1,1,0.22%,0.024,conditional,S value templated on nozzle_diameter; resolved for this variant
ColorFabb ASA @COREONE 0.6,0.6,0.6,0,0,ASA,ColorFabb,15,260,260,105,105,55,40,1,,,,20,25,1,1,0.22%,0.017,conditional,S value templated on nozzle_diameter; resolved for this variant
ColorFabb ASA @COREONE HF0.4,HF0.4,0.4,1,0,ASA,ColorFabb,14,260,260,105,105,55,40,1,,,,20,25,1,1,0.22%,0.024,conditional,S value templated on nozzle_diameter; resolved for this variant
ColorFabb ASA @COREONE HF0.6,HF0.6,0.6,1,0,ASA,ColorFabb,18,260,260,105,105,55,40,1,,,,20,25,1,1,0.22%,0.017,conditional,S value templated on nozzle_diameter; resolved for this variant
ColorFabb nGen-CF10 @COREONE,0.4,0.4,0,0,NGEN,ColorFabb,6,245,245,90,85,35,0,1,1,0.8,,30,70,1,1,,0.053,conditional,S value templated on nozzle_diameter; resolved for this variant
ColorFabb nGen-CF10 @COREONE 0.6,0.6,0.6,0,0,NGEN,ColorFabb,10,245,245,90,85,35,0,1,1,0.8,,30,70,1,1,,0.032,conditional,S value templated on nozzle_diameter; resolved for this variant
ColorFabb TPU 95A @COREONE,0.4,0.4,0,0,FLEX,ColorFabb,3.5,240,240,60,60,30,0,1.05,,2,60,45,45,0,1,,,,no M572 in start_filament_gcode
ColorFabb TPU 95A @COREONE 0.6,0.6,0.6,0,0,FLEX,ColorFabb,4.5,240,240,60,60,30,0,1.05,,2,60,45,45,0,1,,,,no M572 in start_filament_gcode
ColorFabb TPU 85A @COREONE,0.4,0.4,0,0,FLEX,ColorFabb,2,240,240,60,60,30,0,1.18,,1.2,60,45,45,0,1,,,,no M572 in start_filament_gcode
ColorFabb TPU 85A @COREONE 0.6,0.6,0.6,0,0,FLEX,ColorFabb,3,240,240,60,60,30,0,1.18,,1.2,60,45,45,0,1,,,,no M572 in start_filament_gcode
ColorFabb PA Neat @COREONE,0.4,0.4,0,0,PA,ColorFabb,3,280,280,100,100,55,40,1.04,,1,,10,25,1,0,0.28%,0.05,conditional,S value templated on nozzle_diameter; resolved for this variant
ColorFabb PA Neat @COREONE 0.6,0.6,0.6,0,0,PA,ColorFabb,7,280,280,100,100,55,40,1.04,,1,,10,25,1,0,0.28%,0.025,conditional,S value templated on nozzle_diameter; resolved for this variant
ColorFabb PA-CF @COREONE 0.6,0.6,0.6,0,0,PA,ColorFabb,6,270,270,90,90,55,40,1,1,1,,15,30,1,0,0.28%,0.025,conditional,S value templated on nozzle_diameter; resolved for this variant
Kimya PETG Carbon @COREONE,0.4,0.4,0,0,PETG,Kimya,12,240,240,90,85,,,1.05,1,0.8,,20,40,1,1,,0.053,conditional,S value templated on nozzle_diameter; resolved for this variant
Kimya PETG Carbon @COREONE 0.6,0.6,0.6,0,0,PETG,Kimya,9,235,240,90,85,35,0,1.05,1,0.8,,30,60,1,1,,0.032,conditional,S value templated on nozzle_diameter; resolved for this variant
Kimya PETG Carbon @COREONE 0.8,0.8,0.8,0,0,PETG,Kimya,14,240,240,90,85,35,0,1.05,1,0.8,,30,65,1,1,,0.018,conditional,S value templated on nozzle_diameter; resolved for this variant
Kimya ABS Carbon @COREONE,0.4,0.4,0,0,ABS,Kimya,6,260,260,110,110,55,40,1,1,,,15,20,1,0,0%,0.02,conditional,S value templated on nozzle_diameter; resolved for this variant
Kimya ABS Carbon @COREONE 0.6,0.6,0.6,0,0,ABS,Kimya,10,255,260,110,110,55,40,1,1,,,15,20,1,0,0%,0.012,conditional,S value templated on nozzle_diameter; resolved for this variant
Kimya ABS Carbon @COREONE 0.8,0.8,0.8,0,0,ABS,Kimya,14,260,260,110,110,55,40,1,1,,,15,20,1,0,0%,0.01,conditional,S value templated on nozzle_diameter; resolved for this variant
Kimya ABS Kevlar @COREONE,0.4,0.4,0,0,ABS,Kimya,15,260,260,110,110,55,40,1,1,,,15,20,1,0,0%,0.02,conditional,S value templated on nozzle_diameter; resolved for this variant
Kimya ABS Kevlar @COREONE 0.6,0.6,0.6,0,0,ABS,Kimya,10,260,260,110,110,55,40,1,1,,,15,20,1,0,0%,0.012,conditional,S value templated on nozzle_diameter; resolved for this variant
Kimya ABS Kevlar @COREONE 0.8,0.8,0.8,0,0,ABS,Kimya,14,260,260,110,110,55,40,1,1,,,15,20,1,0,0%,0.01,conditional,S value templated on nozzle_diameter; resolved for this variant
Kimya PEBA-S @COREONE,0.4,0.4,0,0,PEBA,Kimya,6.5,250,250,90,85,35,0,1,,0.8,,30,20,1,1,,0.053,conditional,S value templated on nozzle_diameter; resolved for this variant
Kimya PEBA-S @COREONE 0.6,0.6,0.6,0,0,PEBA,Kimya,8,245,250,90,85,35,0,1,,0.8,,30,20,1,1,,0.032,conditional,S value templated on nozzle_diameter; resolved for this variant
Kimya PEBA-S @COREONE 0.8,0.8,0.8,0,0,PEBA,Kimya,10,250,250,90,85,35,0,1,,0.8,,30,20,1,1,,0.018,conditional,S value templated on nozzle_diameter; resolved for this variant
E3D Edge @COREONE,0.4,0.4,0,0,EDGE,E3D,12,240,240,90,85,35,0,1,,0.8,,30,60,1,1,,0.053,conditional,S value templated on nozzle_diameter; resolved for this variant
E3D Edge @COREONE 0.6,0.6,0.6,0,0,EDGE,E3D,17,240,240,90,85,35,0,1,,0.8,,30,60,1,1,,0.032,conditional,S value templated on nozzle_diameter; resolved for this variant
E3D Edge @COREONE 0.8,0.8,0.8,0,0,EDGE,E3D,22,240,240,90,85,35,0,1,,0.8,,30,65,1,1,,0.018,conditional,S value templated on nozzle_diameter; resolved for this variant
E3D Edge @COREONE HF0.4,HF0.4,0.4,1,0,EDGE,E3D,22,240,240,90,85,35,0,1,,0.8,,30,60,1,1,,0.047,conditional,S value templated on nozzle_diameter; resolved for this variant
E3D Edge @COREONE HF0.5,HF0.5,0.5,1,0,EDGE,E3D,24,240,240,90,85,35,0,1,,0.8,,30,60,1,1,,0.042,conditional,S value templated on nozzle_diameter; resolved for this variant
E3D Edge @COREONE HF0.6,HF0.6,0.6,1,0,EDGE,E3D,30,240,240,90,85,35,0,1,,0.8,,30,60,1,1,,0.033,conditional,S value templated on nozzle_diameter; resolved for this variant
E3D Edge @COREONE HF0.8,HF0.8,0.8,1,0,EDGE,E3D,36,240,240,90,85,35,0,1,,0.8,,30,65,1,1,,0.021,conditional,S value templated on nozzle_diameter; resolved for this variant
Fillamentum PLA @COREONE,0.4,0.4,0,0,PLA,Fillamentum,15,220,230,60,60,20,0,1,,,,85,100,1,1,,0.036,conditional,S value templated on nozzle_diameter; resolved for this variant
Fillamentum PLA @COREONE 0.6,0.6,0.6,0,0,PLA,Fillamentum,15.5,220,230,60,60,20,0,1,,,,85,100,1,1,,0.022,conditional,S value templated on nozzle_diameter; resolved for this variant
Fillamentum PLA @COREONE 0.8,0.8,0.8,0,0,PLA,Fillamentum,19,220,230,60,60,20,0,1,,,,85,100,1,1,,0.014,conditional,S value templated on nozzle_diameter; resolved for this variant
Fillamentum PLA @COREONE HF0.4,HF0.4,0.4,1,0,PLA,Fillamentum,21,220,230,60,60,20,0,1,,,,85,100,1,1,,0.036,conditional,S value templated on nozzle_diameter; resolved for this variant
Fillamentum PLA @COREONE HF0.5,HF0.5,0.5,1,0,PLA,Fillamentum,24,220,230,60,60,20,0,1,,,,85,100,1,1,,0.026,conditional,S value templated on nozzle_diameter; resolved for this variant
Fillamentum PLA @COREONE HF0.6,HF0.6,0.6,1,0,PLA,Fillamentum,28,220,230,60,60,20,0,1,,,,85,100,1,1,,0.022,conditional,S value templated on nozzle_diameter; resolved for this variant
Fillamentum PLA @COREONE HF0.8,HF0.8,0.8,1,0,PLA,Fillamentum,35,220,230,60,60,20,0,1,,,,85,100,1,1,,0.015,conditional,S value templated on nozzle_diameter; resolved for this variant
Fillamentum ABS @COREONE,0.4,0.4,0,0,ABS,Fillamentum,15,240,240,110,110,55,40,1,,,,15,20,1,0,0.22%,0.02,conditional,S value templated on nozzle_diameter; resolved for this variant
Fillamentum ABS @COREONE 0.6,0.6,0.6,0,0,ABS,Fillamentum,15,240,240,110,110,55,40,1,,,,15,20,1,0,0.22%,0.012,conditional,S value templated on nozzle_diameter; resolved for this variant
Fillamentum ABS @COREONE 0.8,0.8,0.8,0,0,ABS,Fillamentum,18,240,240,110,110,55,40,1,,,,15,20,1,0,0.22%,0.01,conditional,S value templated on nozzle_diameter; resolved for this variant
Fillamentum ABS @COREONE HF0.4,HF0.4,0.4,1,0,ABS,Fillamentum,25,240,240,110,110,55,40,1,,,,15,20,1,0,0.22%,0.02,conditional,S value templated on nozzle_diameter; resolved for this variant
Fillamentum ABS @COREONE HF0.5,HF0.5,0.5,1,0,ABS,Fillamentum,27,240,240,110,110,55,40,1,,,,15,20,1,0,0.22%,0.018,conditional,S value templated on nozzle_diameter; resolved for this variant
Fillamentum ABS @COREONE HF0.6,HF0.6,0.6,1,0,ABS,Fillamentum,34,240,240,110,110,55,40,1,,,,15,20,1,0,0.22%,0.015,conditional,S value templated on nozzle_diameter; resolved for this variant
Fillamentum ABS @COREONE HF0.8,HF0.8,0.8,1,0,ABS,Fillamentum,36,240,240,110,110,55,40,1,,,,15,20,1,0,0.22%,0.01,conditional,S value templated on nozzle_diameter; resolved for this variant
Fillamentum ASA @COREONE,0.4,0.4,0,0,ASA,Fillamentum,15,260,260,110,110,55,40,1,,,,20,25,1,1,0.22%,0.02,conditional,S value templated on nozzle_diameter; resolved for this variant
Fillamentum ASA @COREONE 0.6,0.6,0.6,0,0,ASA,Fillamentum,15,260,260,110,110,55,40,1,,,,20,25,1,1,0.22%,0.012,conditional,S value templated on nozzle_diameter; resolved for this variant
Fillamentum ASA @COREONE 0.8,0.8,0.8,0,0,ASA,Fillamentum,18,260,260,110,110,55,40,1,,,,20,30,1,1,0.22%,0.01,conditional,S value templated on nozzle_diameter; resolved for this variant
Fillamentum ASA @COREONE HF0.4,HF0.4,0.4,1,0,ASA,Fillamentum,25,260,260,110,110,55,40,1,,,,20,25,1,1,0.22%,0.02,conditional,S value templated on nozzle_diameter; resolved for this variant
Fillamentum ASA @COREONE HF0.5,HF0.5,0.5,1,0,ASA,Fillamentum,27,260,260,110,110,55,40,1,,,,20,25,1,1,0.22%,0.018,conditional,S value templated on nozzle_diameter; resolved for this variant
Fillamentum ASA @COREONE HF0.6,HF0.6,0.6,1,0,ASA,Fillamentum,34,260,260,110,110,55,40,1,,,,20,25,1,1,0.22%,0.015,conditional,S value templated on nozzle_diameter; resolved for this variant
Fillamentum ASA @COREONE HF0.8,HF0.8,0.8,1,0,ASA,Fillamentum,36,260,260,110,110,55,40,1,,,,20,30,1,1,0.22%,0.01,conditional,S value templated on nozzle_diameter; resolved for this variant
Prusament ASA @COREONE,0.4,0.4,0,0,ASA,Prusa Polymers,15,260,260,110,110,55,40,1,,,,20,25,1,1,0.22%,0.02,conditional,S value templated on nozzle_diameter; resolved for this variant
Prusament ASA @COREONE 0.6,0.6,0.6,0,0,ASA,Prusa Polymers,15,260,260,110,110,55,40,1,,,,20,25,1,1,0.22%,0.012,conditional,S value templated on nozzle_diameter; resolved for this variant
Prusament ASA @COREONE 0.8,0.8,0.8,0,0,ASA,Prusa Polymers,15,260,260,110,110,55,40,1,,,,20,30,1,1,0.22%,0.01,conditional,S value templated on nozzle_diameter; resolved for this variant
Prusament ASA @COREONE HF0.4,HF0.4,0.4,1,0,ASA,Prusa Polymers,26,265,265,110,110,55,40,1,,,,20,25,1,1,0.22%,0.02,conditional,S value templated on nozzle_diameter; resolved for this variant
Prusament ASA @COREONE HF0.5,HF0.5,0.5,1,0,ASA,Prusa Polymers,27,265,265,110,110,55,40,1,,,,20,25,1,1,0.22%,0.018,conditional,S value templated on nozzle_diameter; resolved for this variant
Prusament ASA @COREONE HF0.6,HF0.6,0.6,1,0,ASA,Prusa Polymers,34,265,265,110,110,55,40,1,,,,20,25,1,1,0.22%,0.015,conditional,S value templated on nozzle_diameter; resolved for this variant
Prusament ASA @COREONE HF0.8,HF0.8,0.8,1,0,ASA,Prusa Polymers,36,270,270,110,110,55,40,1,,,,20,30,1,1,0.22%,0.01,conditional,S value templated on nozzle_diameter; resolved for this variant
Prusament ASA @COREONEINDX HF0.4,INDX HF0.4,0.4,1,1,ASA,Prusa Polymers,30,265,265,110,110,55,40,1,,0.8,,20,25,1,1,0.22%,0.022,,
Prusament PC Blend @COREONE,0.4,0.4,0,0,PC,Prusa Polymers,12,275,275,115,110,55,40,1,,,,15,25,1,0,0.18%,0.05,conditional,S value templated on nozzle_diameter; resolved for this variant
Prusament PC Blend @COREONE 0.6,0.6,0.6,0,0,PC,Prusa Polymers,15,275,275,115,110,55,40,1,,,,15,25,1,0,0.18%,0.025,conditional,S value templated on nozzle_diameter; resolved for this variant
Prusament PC Blend @COREONE 0.8,0.8,0.8,0,0,PC,Prusa Polymers,18,275,275,115,110,55,40,1,,,,15,30,1,0,0.18%,0.016,conditional,S value templated on nozzle_diameter; resolved for this variant
Prusament PC Blend @COREONE HF0.4,HF0.4,0.4,1,0,PC,Prusa Polymers,22,275,275,115,110,55,40,1,,,,15,25,1,0,0.18%,0.05,conditional,S value templated on nozzle_diameter; resolved for this variant
Prusament PC Blend @COREONE HF0.5,HF0.5,0.5,1,0,PC,Prusa Polymers,24,275,275,115,110,55,40,1,,,,15,25,1,0,0.18%,0.035,conditional,S value templated on nozzle_diameter; resolved for this variant
Prusament PC Blend @COREONE HF0.6,HF0.6,0.6,1,0,PC,Prusa Polymers,28,275,275,115,110,55,40,1,,,,15,25,1,0,0.18%,0.025,conditional,S value templated on nozzle_diameter; resolved for this variant
Prusament PC Blend @COREONE HF0.8,HF0.8,0.8,1,0,PC,Prusa Polymers,36,280,280,115,110,55,40,1,,,,15,30,1,0,0.18%,0.016,conditional,S value templated on nozzle_diameter; resolved for this variant
Prusament PC Blend @COREONEINDX HF0.4,INDX HF0.4,0.4,1,1,PC,Prusa Polymers,22,285,285,115,110,55,40,1,,1,,15,25,1,0,0.18%,0.06,,
Prusament PC Blend Carbon Fiber @COREONE,0.4,0.4,0,0,PC,Prusa Polymers,9,285,285,115,110,55,40,1.04,1,,,15,30,1,0,0%,0.05,conditional,S value templated on nozzle_diameter; resolved for this variant
Prusament PC Blend Carbon Fiber @COREONE 0.6,0.6,0.6,0,0,PC,Prusa Polymers,13,280,285,115,110,55,40,1.04,1,,,15,30,1,0,0%,0.025,conditional,S value templated on nozzle_diameter; resolved for this variant
Prusament PC Blend Carbon Fiber @COREONE 0.8,0.8,0.8,0,0,PC,Prusa Polymers,18,285,285,115,110,55,40,1.04,1,,,15,30,1,0,0%,0.016,conditional,S value templated on nozzle_diameter; resolved for this variant
Prusament PC Blend Carbon Fiber @COREONEINDX HF0.4,INDX HF0.4,0.4,1,1,PC,Prusa Polymers,13,290,290,115,110,55,40,1.03,1,,,15,30,1,0,0%,0.05,,
Prusament PC Space Grade @COREONE,0.4,0.4,0,0,PC,Prusa Polymers,9,290,290,120,120,55,40,1.02,1,,,15,20,1,0,0%,0.05,conditional,S value templated on nozzle_diameter; resolved for this variant
Prusament PC Space Grade @COREONE 0.6,0.6,0.6,0,0,PC,Prusa Polymers,13,290,290,120,120,55,40,1.02,1,,,15,20,1,0,0%,0.025,conditional,S value templated on nozzle_diameter; resolved for this variant
Prusament PC Space Grade @COREONE 0.8,0.8,0.8,0,0,PC,Prusa Polymers,18,290,290,120,120,55,40,1.02,1,,,15,20,1,0,0%,0.016,conditional,S value templated on nozzle_diameter; resolved for this variant
Prusament PA11 Carbon Fiber @COREONE,0.4,0.4,0,0,PA,Prusa Polymers,6.5,285,275,115,90,55,40,1.05,1,,,15,20,1,0,0%,0.05,conditional,S value templated on nozzle_diameter; resolved for this variant
Prusament PA11 Carbon Fiber @COREONE 0.6,0.6,0.6,0,0,PA,Prusa Polymers,8,285,275,115,90,55,40,1.05,1,,,15,20,1,0,0%,0.025,conditional,S value templated on nozzle_diameter; resolved for this variant
Prusament PA11 Carbon Fiber @COREONE 0.8,0.8,0.8,0,0,PA,Prusa Polymers,10,285,275,115,90,55,40,1.05,1,,,15,20,1,0,0%,0.016,conditional,S value templated on nozzle_diameter; resolved for this variant
Prusament PA11 @COREONE,0.4,0.4,0,0,PA,Prusa Polymers,6.5,275,275,115,90,55,45,1,,,,15,20,1,0,0.4,0.05,conditional,S value templated on nozzle_diameter; resolved for this variant
Prusament PA11 @COREONE 0.6,0.6,0.6,0,0,PA,Prusa Polymers,8,275,275,115,90,55,45,1,,,,20,30,1,0,0.4,0.025,conditional,S value templated on nozzle_diameter; resolved for this variant
Prusament PP Carbon Fiber @COREONE,0.4,0.4,0,0,PP,Prusa Polymers,4,270,270,85,95,55,40,1.09,1,,,0,0,1,0,0%,0.036,conditional,S value templated on nozzle_diameter; resolved for this variant
Prusament PP Carbon Fiber @COREONE 0.6,0.6,0.6,0,0,PP,Prusa Polymers,6,270,270,85,95,55,40,1.09,1,,,0,0,1,0,0%,0.022,conditional,S value templated on nozzle_diameter; resolved for this variant
Prusament PP Carbon Fiber @COREONE 0.8,0.8,0.8,0,0,PP,Prusa Polymers,8,270,270,85,95,55,40,1.09,1,,,0,0,1,0,0%,0.015,conditional,S value templated on nozzle_diameter; resolved for this variant
Prusament PP Glass Fiber @COREONE,0.4,0.4,0,0,PP,Prusa Polymers,5,245,245,95,100,0,0,1.03,1,2,60,10,15,1,,0%,,,no M572 in start_filament_gcode
Prusament PP Glass Fiber @COREONE 0.6,0.6,0.6,0,0,PP,Prusa Polymers,7.5,245,245,95,100,0,0,1.03,1,2,60,10,15,1,,0%,,,no M572 in start_filament_gcode
Prusament PP Glass Fiber @COREONE 0.8,0.8,0.8,0,0,PP,Prusa Polymers,10,245,245,95,100,0,0,1.03,1,2,60,10,15,1,,0%,,,no M572 in start_filament_gcode
Fillamentum CPE @COREONE,0.4,0.4,0,0,CPE,Fillamentum,12,270,275,90,90,35,0,1,,0.8,,30,60,1,1,,0.053,conditional,S value templated on nozzle_diameter; resolved for this variant
Fillamentum CPE @COREONE 0.6,0.6,0.6,0,0,CPE,Fillamentum,17,265,275,90,90,35,0,1,,0.8,,30,60,1,1,,0.032,conditional,S value templated on nozzle_diameter; resolved for this variant
Fillamentum CPE @COREONE 0.8,0.8,0.8,0,0,CPE,Fillamentum,22,270,275,90,90,35,0,1,,0.8,,30,65,1,1,,0.018,conditional,S value templated on nozzle_diameter; resolved for this variant
Fillamentum CPE @COREONE HF0.4,HF0.4,0.4,1,0,CPE,Fillamentum,22,270,275,90,90,35,0,1,,0.8,,30,60,1,1,,0.047,conditional,S value templated on nozzle_diameter; resolved for this variant
Fillamentum CPE @COREONE HF0.5,HF0.5,0.5,1,0,CPE,Fillamentum,24,265,275,90,90,35,0,1,,0.8,,30,60,1,1,,0.042,conditional,S value templated on nozzle_diameter; resolved for this variant
Fillamentum CPE @COREONE HF0.6,HF0.6,0.6,1,0,CPE,Fillamentum,30,265,275,90,90,35,0,1,,0.8,,30,60,1,1,,0.033,conditional,S value templated on nozzle_diameter; resolved for this variant
Fillamentum CPE @COREONE HF0.8,HF0.8,0.8,1,0,CPE,Fillamentum,36,270,275,90,90,35,0,1,,0.8,,30,65,1,1,,0.021,conditional,S value templated on nozzle_diameter; resolved for this variant
Fillamentum Timberfill @COREONE,0.4,0.4,0,0,PLA,Fillamentum,11,190,190,60,60,20,0,1.1,,,,85,100,1,1,,0.036,conditional,S value templated on nozzle_diameter; resolved for this variant
Fillamentum Timberfill @COREONE 0.6,0.6,0.6,0,0,PLA,Fillamentum,13,190,190,60,60,20,0,1.05,,,,85,100,1,1,,0.022,conditional,S value templated on nozzle_diameter; resolved for this variant
Fillamentum Timberfill @COREONE 0.8,0.8,0.8,0,0,PLA,Fillamentum,17,190,190,60,60,20,0,1.05,,,,85,100,1,1,,0.014,conditional,S value templated on nozzle_diameter; resolved for this variant
Smartfil Wood @COREONE,0.4,0.4,0,0,PLA,Smart Materials 3D,11,220,220,60,60,20,0,1.1,,,,85,100,1,1,,0.036,conditional,S value templated on nozzle_diameter; resolved for this variant
Smartfil Wood @COREONE 0.6,0.6,0.6,0,0,PLA,Smart Materials 3D,13,215,220,60,60,20,0,1.05,,,,85,100,1,1,,0.022,conditional,S value templated on nozzle_diameter; resolved for this variant
Smartfil Wood @COREONE 0.8,0.8,0.8,0,0,PLA,Smart Materials 3D,17,220,220,60,60,20,0,1.05,,,,85,100,1,1,,0.014,conditional,S value templated on nozzle_diameter; resolved for this variant
Generic ABS @COREONE,0.4,0.4,0,0,ABS,Generic,15,260,260,110,110,55,40,1,,,,15,20,1,0,0.22%,0.02,conditional,S value templated on nozzle_diameter; resolved for this variant
Generic ABS @COREONE 0.6,0.6,0.6,0,0,ABS,Generic,15,260,260,110,110,55,40,1,,,,15,20,1,0,0.22%,0.012,conditional,S value templated on nozzle_diameter; resolved for this variant
Generic ABS @COREONE 0.8,0.8,0.8,0,0,ABS,Generic,15,260,260,110,110,55,40,1,,,,15,20,1,0,0.22%,0.01,conditional,S value templated on nozzle_diameter; resolved for this variant
Generic ABS @COREONE HF0.4,HF0.4,0.4,1,0,ABS,Generic,25,260,260,110,110,55,40,1,,,,15,20,1,0,0.22%,0.02,conditional,S value templated on nozzle_diameter; resolved for this variant
Generic ABS @COREONE HF0.5,HF0.5,0.5,1,0,ABS,Generic,27,260,260,110,110,55,40,1,,,,15,20,1,0,0.22%,0.018,conditional,S value templated on nozzle_diameter; resolved for this variant
Generic ABS @COREONE HF0.6,HF0.6,0.6,1,0,ABS,Generic,34,260,260,110,110,55,40,1,,,,15,20,1,0,0.22%,0.015,conditional,S value templated on nozzle_diameter; resolved for this variant
Generic ABS @COREONE HF0.8,HF0.8,0.8,1,0,ABS,Generic,36,260,260,110,110,55,40,1,,,,15,20,1,0,0.22%,0.01,conditional,S value templated on nozzle_diameter; resolved for this variant
Generic ABS @COREONEINDX HF0.4,INDX HF0.4,0.4,1,1,ABS,Generic,25,260,260,110,110,55,40,1,,,,15,20,1,0,0.22%,0.02,,
Esun ABS @COREONE,0.4,0.4,0,0,ABS,Esun,15,255,255,110,110,55,40,1,,,,15,20,1,0,0.22%,0.02,conditional,S value templated on nozzle_diameter; resolved for this variant
Esun ABS @COREONE 0.6,0.6,0.6,0,0,ABS,Esun,15,255,255,110,110,55,40,1,,,,15,20,1,0,0.22%,0.012,conditional,S value templated on nozzle_diameter; resolved for this variant
Esun ABS @COREONE 0.8,0.8,0.8,0,0,ABS,Esun,18,255,255,110,110,55,40,1,,,,15,20,1,0,0.22%,0.01,conditional,S value templated on nozzle_diameter; resolved for this variant
Esun ABS @COREONE HF0.4,HF0.4,0.4,1,0,ABS,Esun,25,255,255,110,110,55,40,1,,,,15,20,1,0,0.22%,0.02,conditional,S value templated on nozzle_diameter; resolved for this variant
Esun ABS @COREONE HF0.5,HF0.5,0.5,1,0,ABS,Esun,27,255,255,110,110,55,40,1,,,,15,20,1,0,0.22%,0.018,conditional,S value templated on nozzle_diameter; resolved for this variant
Esun ABS @COREONE HF0.6,HF0.6,0.6,1,0,ABS,Esun,34,255,255,110,110,55,40,1,,,,15,20,1,0,0.22%,0.015,conditional,S value templated on nozzle_diameter; resolved for this variant
Esun ABS @COREONE HF0.8,HF0.8,0.8,1,0,ABS,Esun,36,255,255,110,110,55,40,1,,,,15,20,1,0,0.22%,0.01,conditional,S value templated on nozzle_diameter; resolved for this variant
Hatchbox ABS @COREONE,0.4,0.4,0,0,ABS,Hatchbox,15,255,255,110,110,55,40,1,,,,15,20,1,0,0.22%,0.02,conditional,S value templated on nozzle_diameter; resolved for this variant
Hatchbox ABS @COREONE 0.6,0.6,0.6,0,0,ABS,Hatchbox,15,255,255,110,110,55,40,1,,,,15,20,1,0,0.22%,0.012,conditional,S value templated on nozzle_diameter; resolved for this variant
Hatchbox ABS @COREONE 0.8,0.8,0.8,0,0,ABS,Hatchbox,18,255,255,110,110,55,40,1,,,,15,20,1,0,0.22%,0.01,conditional,S value templated on nozzle_diameter; resolved for this variant
Hatchbox ABS @COREONE HF0.4,HF0.4,0.4,1,0,ABS,Hatchbox,25,255,255,110,110,55,40,1,,,,15,20,1,0,0.22%,0.02,conditional,S value templated on nozzle_diameter; resolved for this variant
Hatchbox ABS @COREONE HF0.5,HF0.5,0.5,1,0,ABS,Hatchbox,27,255,255,110,110,55,40,1,,,,15,20,1,0,0.22%,0.018,conditional,S value templated on nozzle_diameter; resolved for this variant
Hatchbox ABS @COREONE HF0.6,HF0.6,0.6,1,0,ABS,Hatchbox,34,255,255,110,110,55,40,1,,,,15,20,1,0,0.22%,0.015,conditional,S value templated on nozzle_diameter; resolved for this variant
Hatchbox ABS @COREONE HF0.8,HF0.8,0.8,1,0,ABS,Hatchbox,36,255,255,110,110,55,40,1,,,,15,20,1,0,0.22%,0.01,conditional,S value templated on nozzle_diameter; resolved for this variant
Filament PM ABS @COREONE,0.4,0.4,0,0,ABS,Filament PM,15,255,255,110,110,55,40,1,,,,15,20,1,0,0.22%,0.02,conditional,S value templated on nozzle_diameter; resolved for this variant
Filament PM ABS @COREONE 0.6,0.6,0.6,0,0,ABS,Filament PM,15,255,255,110,110,55,40,1,,,,15,20,1,0,0.22%,0.012,conditional,S value templated on nozzle_diameter; resolved for this variant
Filament PM ABS @COREONE 0.8,0.8,0.8,0,0,ABS,Filament PM,18,255,255,110,110,55,40,1,,,,15,20,1,0,0.22%,0.01,conditional,S value templated on nozzle_diameter; resolved for this variant
Filament PM ABS @COREONE HF0.4,HF0.4,0.4,1,0,ABS,Filament PM,25,255,255,110,110,55,40,1,,,,15,20,1,0,0.22%,0.02,conditional,S value templated on nozzle_diameter; resolved for this variant
Filament PM ABS @COREONE HF0.5,HF0.5,0.5,1,0,ABS,Filament PM,27,255,255,110,110,55,40,1,,,,15,20,1,0,0.22%,0.018,conditional,S value templated on nozzle_diameter; resolved for this variant
Filament PM ABS @COREONE HF0.6,HF0.6,0.6,1,0,ABS,Filament PM,34,255,255,110,110,55,40,1,,,,15,20,1,0,0.22%,0.015,conditional,S value templated on nozzle_diameter; resolved for this variant
Filament PM ABS @COREONE HF0.8,HF0.8,0.8,1,0,ABS,Filament PM,36,255,255,110,110,55,40,1,,,,15,20,1,0,0.22%,0.01,conditional,S value templated on nozzle_diameter; resolved for this variant
Verbatim ABS @COREONE,0.4,0.4,0,0,ABS,Verbatim,15,255,255,110,110,55,40,1,,,,15,20,1,0,0.22%,0.02,conditional,S value templated on nozzle_diameter; resolved for this variant
Verbatim ABS @COREONE 0.6,0.6,0.6,0,0,ABS,Verbatim,15,255,255,110,110,55,40,1,,,,15,20,1,0,0.22%,0.012,conditional,S value templated on nozzle_diameter; resolved for this variant
Verbatim ABS @COREONE 0.8,0.8,0.8,0,0,ABS,Verbatim,18,255,255,110,110,55,40,1,,,,15,20,1,0,0.22%,0.01,conditional,S value templated on nozzle_diameter; resolved for this variant
Verbatim ABS @COREONE HF0.4,HF0.4,0.4,1,0,ABS,Verbatim,25,255,255,110,110,55,40,1,,,,15,20,1,0,0.22%,0.02,conditional,S value templated on nozzle_diameter; resolved for this variant
Verbatim ABS @COREONE HF0.5,HF0.5,0.5,1,0,ABS,Verbatim,27,255,255,110,110,55,40,1,,,,15,20,1,0,0.22%,0.018,conditional,S value templated on nozzle_diameter; resolved for this variant
Verbatim ABS @COREONE HF0.6,HF0.6,0.6,1,0,ABS,Verbatim,34,255,255,110,110,55,40,1,,,,15,20,1,0,0.22%,0.015,conditional,S value templated on nozzle_diameter; resolved for this variant
Verbatim ABS @COREONE HF0.8,HF0.8,0.8,1,0,ABS,Verbatim,36,255,255,110,110,55,40,1,,,,15,20,1,0,0.22%,0.01,conditional,S value templated on nozzle_diameter; resolved for this variant
Generic PETG @COREONE,0.4,0.4,0,0,PETG,Generic,12,240,240,85,85,35,0,1,,0.8,,30,60,1,1,,0.053,conditional,S value templated on nozzle_diameter; resolved for this variant
Generic PETG @COREONE 0.6,0.6,0.6,0,0,PETG,Generic,17,240,240,85,85,35,0,1,,0.8,,30,60,1,1,,0.032,conditional,S value templated on nozzle_diameter; resolved for this variant
Generic PETG @COREONE 0.8,0.8,0.8,0,0,PETG,Generic,22,245,245,85,85,35,0,1,,0.8,,30,65,1,1,,0.018,conditional,S value templated on nozzle_diameter; resolved for this variant
Generic PETG @COREONE HF0.4,HF0.4,0.4,1,0,PETG,Generic,21,250,250,85,85,35,0,1,,0.8,,30,60,1,1,,0.047,conditional,S value templated on nozzle_diameter; resolved for this variant
Generic PETG @COREONE HF0.5,HF0.5,0.5,1,0,PETG,Generic,24,250,250,85,85,35,0,1,,0.8,,30,60,1,1,,0.042,conditional,S value templated on nozzle_diameter; resolved for this variant
Generic PETG @COREONE HF0.6,HF0.6,0.6,1,0,PETG,Generic,27,250,250,85,85,35,0,1,,0.8,,30,60,1,1,,0.033,conditional,S value templated on nozzle_diameter; resolved for this variant
Generic PETG @COREONE HF0.8,HF0.8,0.8,1,0,PETG,Generic,34,245,245,85,85,35,0,1,,0.8,,30,65,1,1,,0.021,conditional,S value templated on nozzle_diameter; resolved for this variant
Generic PETG @COREONEINDX HF0.4,INDX HF0.4,0.4,1,1,PETG,Generic,17,240,245,85,85,35,0,1,,1.6,,30,65,1,1,,0.052,,
Extrudr DuraPro ASA @COREONE,0.4,0.4,0,0,ASA,Extrudr,10,240,240,100,100,55,40,1,,,,15,20,1,1,0.22%,0.02,conditional,S value templated on nozzle_diameter; resolved for this variant
Extrudr DuraPro ASA @COREONE 0.6,0.6,0.6,0,0,ASA,Extrudr,15,240,240,100,100,55,40,1,,,,15,20,1,1,0.22%,0.012,conditional,S value templated on nozzle_diameter; resolved for this variant
Extrudr DuraPro ASA @COREONE 0.8,0.8,0.8,0,0,ASA,Extrudr,18,240,240,100,100,55,40,1,,,,15,20,1,1,0.22%,0.01,conditional,S value templated on nozzle_diameter; resolved for this variant
Extrudr DuraPro ASA @COREONE HF0.4,HF0.4,0.4,1,0,ASA,Extrudr,25,240,240,100,100,55,40,1,,,,15,20,1,1,0.22%,0.02,conditional,S value templated on nozzle_diameter; resolved for this variant
Extrudr DuraPro ASA @COREONE HF0.5,HF0.5,0.5,1,0,ASA,Extrudr,27,240,240,100,100,55,40,1,,,,15,20,1,1,0.22%,0.018,conditional,S value templated on nozzle_diameter; resolved for this variant
Extrudr DuraPro ASA @COREONE HF0.6,HF0.6,0.6,1,0,ASA,Extrudr,34,240,240,100,100,55,40,1,,,,15,20,1,1,0.22%,0.015,conditional,S value templated on nozzle_diameter; resolved for this variant
Extrudr DuraPro ASA @COREONE HF0.8,HF0.8,0.8,1,0,ASA,Extrudr,36,240,240,100,100,55,40,1,,,,15,20,1,1,0.22%,0.01,conditional,S value templated on nozzle_diameter; resolved for this variant
Extrudr PETG @COREONE,0.4,0.4,0,0,PETG,Extrudr,12,230,230,78,78,35,0,1,,0.8,,30,60,1,1,,0.053,conditional,S value templated on nozzle_diameter; resolved for this variant
Extrudr PETG @COREONE 0.6,0.6,0.6,0,0,PETG,Extrudr,17,230,230,78,78,35,0,1,,0.8,,30,60,1,1,,0.032,conditional,S value templated on nozzle_diameter; resolved for this variant
Extrudr PETG @COREONE 0.8,0.8,0.8,0,0,PETG,Extrudr,22,230,230,78,78,35,0,1,,0.8,,30,65,1,1,,0.018,conditional,S value templated on nozzle_diameter; resolved for this variant
Extrudr PETG @COREONE HF0.4,HF0.4,0.4,1,0,PETG,Extrudr,12,230,230,78,78,35,0,1,,0.8,,30,60,1,1,,0.047,conditional,S value templated on nozzle_diameter; resolved for this variant
Extrudr PETG @COREONE HF0.5,HF0.5,0.5,1,0,PETG,Extrudr,12,230,230,78,78,35,0,1,,0.8,,30,60,1,1,,0.042,conditional,S value templated on nozzle_diameter; resolved for this variant
Extrudr PETG @COREONE HF0.6,HF0.6,0.6,1,0,PETG,Extrudr,17,230,230,78,78,35,0,1,,0.8,,30,60,1,1,,0.033,conditional,S value templated on nozzle_diameter; resolved for this variant
Extrudr PETG @COREONE HF0.8,HF0.8,0.8,1,0,PETG,Extrudr,22,230,230,78,78,35,0,1,,0.8,,30,65,1,1,,0.021,conditional,S value templated on nozzle_diameter; resolved for this variant
Extrudr XPETG CF @COREONE,0.4,0.4,0,0,PETG,Extrudr,12,235,235,78,78,35,0,1,1,0.8,,30,60,1,1,,0.053,conditional,S value templated on nozzle_diameter; resolved for this variant
Extrudr XPETG CF @COREONE 0.6,0.6,0.6,0,0,PETG,Extrudr,17,230,235,78,78,35,0,1,1,0.8,,30,60,1,1,,0.032,conditional,S value templated on nozzle_diameter; resolved for this variant
Extrudr XPETG CF @COREONE 0.8,0.8,0.8,0,0,PETG,Extrudr,22,235,235,78,78,35,0,1,1,0.8,,30,65,1,1,,0.018,conditional,S value templated on nozzle_diameter; resolved for this variant
Extrudr XPETG Matt @COREONE,0.4,0.4,0,0,PETG,Extrudr,12,230,230,78,78,35,0,1,,0.8,,30,60,1,1,,0.053,conditional,S value templated on nozzle_diameter; resolved for this variant
Extrudr XPETG Matt @COREONE 0.6,0.6,0.6,0,0,PETG,Extrudr,16,225,230,78,78,35,0,1,,0.8,,30,60,1,1,,0.032,conditional,S value templated on nozzle_diameter; resolved for this variant
Extrudr XPETG Matt @COREONE 0.8,0.8,0.8,0,0,PETG,Extrudr,22,230,230,78,78,35,0,1,,0.8,,30,65,1,1,,0.018,conditional,S value templated on nozzle_diameter; resolved for this variant
Extrudr XPETG Matt @COREONE HF0.4,HF0.4,0.4,1,0,PETG,Extrudr,12,230,230,78,78,35,0,1,,0.8,,30,60,1,1,,0.047,conditional,S value templated on nozzle_diameter; resolved for this variant
Extrudr XPETG Matt @COREONE HF0.5,HF0.5,0.5,1,0,PETG,Extrudr,12,230,230,78,78,35,0,1,,0.8,,30,60,1,1,,0.042,conditional,S value templated on nozzle_diameter; resolved for this variant
Extrudr XPETG Matt @COREONE HF0.6,HF0.6,0.6,1,0,PETG,Extrudr,17,225,230,78,78,35,0,1,,0.8,,30,60,1,1,,0.033,conditional,S value templated on nozzle_diameter; resolved for this variant
Extrudr XPETG Matt @COREONE HF0.8,HF0.8,0.8,1,0,PETG,Extrudr,22,230,230,78,78,,,1,,0.8,,30,50,1,1,,0.021,conditional,S value templated on nozzle_diameter; resolved for this variant
Extrudr BioFusion @COREONE,0.4,0.4,0,0,PLA,Extrudr,15,220,220,60,60,20,0,1,,,,20,35,1,1,,0.036,conditional,S value templated on nozzle_diameter; resolved for this variant
Extrudr BioFusion @COREONE 0.6,0.6,0.6,0,0,PLA,Extrudr,15.5,220,220,60,60,20,0,1,,,,20,35,1,1,,0.022,conditional,S value templated on nozzle_diameter; resolved for this variant
Extrudr BioFusion @COREONE 0.8,0.8,0.8,0,0,PLA,Extrudr,19,220,220,60,60,20,0,1,,,,20,35,1,1,,0.014,conditional,S value templated on nozzle_diameter; resolved for this variant
Extrudr BioFusion @COREONE HF0.4,HF0.4,0.4,1,0,PLA,Extrudr,21,225,230,60,60,20,0,1,,,,20,35,1,1,,0.036,conditional,S value templated on nozzle_diameter; resolved for this variant
Extrudr BioFusion @COREONE HF0.5,HF0.5,0.5,1,0,PLA,Extrudr,24,225,230,60,60,20,0,1,,,,25,35,1,1,,0.026,conditional,S value templated on nozzle_diameter; resolved for this variant
Extrudr BioFusion @COREONE HF0.6,HF0.6,0.6,1,0,PLA,Extrudr,28,225,230,60,60,20,0,1,,,,25,35,1,1,,0.022,conditional,S value templated on nozzle_diameter; resolved for this variant
Extrudr BioFusion @COREONE HF0.8,HF0.8,0.8,1,0,PLA,Extrudr,35,225,230,60,60,20,0,1,,,,25,35,1,1,,0.015,conditional,S value templated on nozzle_diameter; resolved for this variant
Extrudr Flax @COREONE,0.4,0.4,0,0,PLA,Extrudr,11,190,190,60,60,20,0,1,,,,30,60,1,1,,0.036,conditional,S value templated on nozzle_diameter; resolved for this variant
Extrudr Flax @COREONE 0.6,0.6,0.6,0,0,PLA,Extrudr,14,190,190,60,60,20,0,1,,,,30,60,1,1,,0.022,conditional,S value templated on nozzle_diameter; resolved for this variant
Extrudr Flax @COREONE 0.8,0.8,0.8,0,0,PLA,Extrudr,17,200,200,60,60,20,0,1,,,,30,60,1,1,,0.014,conditional,S value templated on nozzle_diameter; resolved for this variant
Extrudr Flax @COREONE HF0.4,HF0.4,0.4,1,0,PLA,Extrudr,15,190,190,60,60,20,0,1,,,,30,60,1,1,,0.036,conditional,S value templated on nozzle_diameter; resolved for this variant
Extrudr Flax @COREONE HF0.5,HF0.5,0.5,1,0,PLA,Extrudr,16,190,190,60,60,20,0,1,,,,30,60,1,1,,0.026,conditional,S value templated on nozzle_diameter; resolved for this variant
Extrudr Flax @COREONE HF0.6,HF0.6,0.6,1,0,PLA,Extrudr,16,190,190,60,60,20,0,1,,,,30,60,1,1,,0.022,conditional,S value templated on nozzle_diameter; resolved for this variant
Extrudr Flax @COREONE HF0.8,HF0.8,0.8,1,0,PLA,Extrudr,17,200,200,60,60,20,0,1,,,,30,60,1,1,,0.015,conditional,S value templated on nozzle_diameter; resolved for this variant
Extrudr GreenTEC @COREONE,0.4,0.4,0,0,PLA,Extrudr,15,220,230,60,60,20,0,1,,,,85,100,1,1,,0.036,conditional,S value templated on nozzle_diameter; resolved for this variant
Extrudr GreenTEC @COREONE 0.6,0.6,0.6,0,0,PLA,Extrudr,15.5,220,230,60,60,20,0,1,,,,85,100,1,1,,0.022,conditional,S value templated on nozzle_diameter; resolved for this variant
Extrudr GreenTEC @COREONE 0.8,0.8,0.8,0,0,PLA,Extrudr,19,220,230,60,60,20,0,1,,,,85,100,1,1,,0.014,conditional,S value templated on nozzle_diameter; resolved for this variant
Extrudr GreenTEC @COREONE HF0.4,HF0.4,0.4,1,0,PLA,Extrudr,21,220,230,60,60,20,0,1,,,,85,100,1,1,,0.036,conditional,S value templated on nozzle_diameter; resolved for this variant
Extrudr GreenTEC @COREONE HF0.5,HF0.5,0.5,1,0,PLA,Extrudr,24,220,230,60,60,20,0,1,,,,85,100,1,1,,0.026,conditional,S value templated on nozzle_diameter; resolved for this variant
Extrudr GreenTEC @COREONE HF0.6,HF0.6,0.6,1,0,PLA,Extrudr,28,220,230,60,60,20,0,1,,,,85,100,1,1,,0.022,conditional,S value templated on nozzle_diameter; resolved for this variant
Extrudr GreenTEC @COREONE HF0.8,HF0.8,0.8,1,0,PLA,Extrudr,35,220,230,60,60,20,0,1,,,,85,100,1,1,,0.015,conditional,S value templated on nozzle_diameter; resolved for this variant
Extrudr GreenTEC Pro @COREONE,0.4,0.4,0,0,PLA,Extrudr,15,220,230,60,60,20,0,1,,,,25,60,1,1,,0.036,conditional,S value templated on nozzle_diameter; resolved for this variant
Extrudr GreenTEC Pro @COREONE 0.6,0.6,0.6,0,0,PLA,Extrudr,15.5,215,230,60,60,20,0,1,,,,25,60,1,1,,0.022,conditional,S value templated on nozzle_diameter; resolved for this variant
Extrudr GreenTEC Pro @COREONE 0.8,0.8,0.8,0,0,PLA,Extrudr,19,220,230,60,60,20,0,1,,,,25,60,1,1,,0.014,conditional,S value templated on nozzle_diameter; resolved for this variant
Extrudr GreenTEC Pro @COREONE HF0.4,HF0.4,0.4,1,0,PLA,Extrudr,21,225,230,60,60,20,0,1,,,,25,60,1,1,,0.036,conditional,S value templated on nozzle_diameter; resolved for this variant
Extrudr GreenTEC Pro @COREONE HF0.5,HF0.5,0.5,1,0,PLA,Extrudr,24,225,230,60,60,20,0,1,,,,25,60,1,1,,0.026,conditional,S value templated on nozzle_diameter; resolved for this variant
Extrudr GreenTEC Pro @COREONE HF0.6,HF0.6,0.6,1,0,PLA,Extrudr,28,225,230,60,60,20,0,1,,,,25,60,1,1,,0.022,conditional,S value templated on nozzle_diameter; resolved for this variant
Extrudr GreenTEC Pro @COREONE HF0.8,HF0.8,0.8,1,0,PLA,Extrudr,35,225,230,60,60,20,0,1,,,,25,60,1,1,,0.015,conditional,S value templated on nozzle_diameter; resolved for this variant
Extrudr GreenTEC Pro Carbon @COREONE,0.4,0.4,0,0,PLA,Extrudr,15,225,225,60,60,20,0,1,1,,,25,60,1,1,,0.036,conditional,S value templated on nozzle_diameter; resolved for this variant
Extrudr GreenTEC Pro Carbon @COREONE 0.6,0.6,0.6,0,0,PLA,Extrudr,15.5,220,225,60,60,20,0,1,1,,,25,60,1,1,,0.022,conditional,S value templated on nozzle_diameter; resolved for this variant
Extrudr GreenTEC Pro Carbon @COREONE 0.8,0.8,0.8,0,0,PLA,Extrudr,19,225,225,60,60,20,0,1,1,,,25,60,1,1,,0.014,conditional,S value templated on nozzle_diameter; resolved for this variant
Extrudr PLA NX1 @COREONE,0.4,0.4,0,0,PLA,Extrudr,15,220,230,60,60,20,0,1,,,,25,75,1,1,,0.036,conditional,S value templated on nozzle_diameter; resolved for this variant
Extrudr PLA NX1 @COREONE 0.6,0.6,0.6,0,0,PLA,Extrudr,15.5,215,230,60,60,20,0,1,,,,25,75,1,1,,0.022,conditional,S value templated on nozzle_diameter; resolved for this variant
Extrudr PLA NX1 @COREONE 0.8,0.8,0.8,0,0,PLA,Extrudr,19,220,230,60,60,20,0,1,,,,25,75,1,1,,0.014,conditional,S value templated on nozzle_diameter; resolved for this variant
Extrudr PLA NX1 @COREONE HF0.4,HF0.4,0.4,1,0,PLA,Extrudr,21,225,230,60,60,20,0,1,,,,85,100,1,1,,0.036,conditional,S value templated on nozzle_diameter; resolved for this variant
Extrudr PLA NX1 @COREONE HF0.5,HF0.5,0.5,1,0,PLA,Extrudr,24,225,230,60,60,20,0,1,,,,85,100,1,1,,0.026,conditional,S value templated on nozzle_diameter; resolved for this variant
Extrudr PLA NX1 @COREONE HF0.6,HF0.6,0.6,1,0,PLA,Extrudr,28,225,230,60,60,20,0,1,,,,85,100,1,1,,0.022,conditional,S value templated on nozzle_diameter; resolved for this variant
Extrudr PLA NX1 @COREONE HF0.8,HF0.8,0.8,1,0,PLA,Extrudr,19,225,230,60,60,20,0,1,,,,85,100,1,1,,0.014,conditional,S value templated on nozzle_diameter; resolved for this variant
Extrudr PLA NX2 @COREONE,0.4,0.4,0,0,PLA,Extrudr,15,220,230,60,60,20,0,1,,,,25,75,1,1,,0.036,conditional,S value templated on nozzle_diameter; resolved for this variant
Extrudr PLA NX2 @COREONE 0.6,0.6,0.6,0,0,PLA,Extrudr,15.5,215,230,60,60,20,0,1,,,,25,75,1,1,,0.022,conditional,S value templated on nozzle_diameter; resolved for this variant
Extrudr PLA NX2 @COREONE 0.8,0.8,0.8,0,0,PLA,Extrudr,19,220,230,60,60,20,0,1,,,,25,75,1,1,,0.014,conditional,S value templated on nozzle_diameter; resolved for this variant
Extrudr PLA NX2 @COREONE HF0.4,HF0.4,0.4,1,0,PLA,Extrudr,21,225,230,60,60,20,0,1,,,,25,75,1,1,,0.036,conditional,S value templated on nozzle_diameter; resolved for this variant
Extrudr PLA NX2 @COREONE HF0.5,HF0.5,0.5,1,0,PLA,Extrudr,24,225,230,60,60,20,0,1,,,,25,75,1,1,,0.026,conditional,S value templated on nozzle_diameter; resolved for this variant
Extrudr PLA NX2 @COREONE HF0.6,HF0.6,0.6,1,0,PLA,Extrudr,28,225,230,60,60,20,0,1,,,,25,75,1,1,,0.022,conditional,S value templated on nozzle_diameter; resolved for this variant
Extrudr PLA NX2 @COREONE HF0.8,HF0.8,0.8,1,0,PLA,Extrudr,35,225,230,60,60,20,0,1,,,,25,75,1,1,,0.015,conditional,S value templated on nozzle_diameter; resolved for this variant
Extrudr Flex Hard @COREONE,0.4,0.4,0,0,FLEX,Extrudr,3.5,240,240,50,50,30,0,1.1,,2.5,60,40,60,0,0,,,,no M572 in start_filament_gcode
Extrudr Flex Hard @COREONE 0.6,0.6,0.6,0,0,FLEX,Extrudr,4.5,240,240,50,50,30,0,1.1,,2.5,60,40,60,0,0,,,,no M572 in start_filament_gcode
Extrudr Flex Hard @COREONE 0.8,0.8,0.8,0,0,FLEX,Extrudr,8,240,240,50,50,30,0,1.1,,2.5,60,45,60,0,0,,,,no M572 in start_filament_gcode
Extrudr Flex Medium @COREONE,0.4,0.4,0,0,FLEX,Extrudr,3.5,240,240,50,50,30,0,1.1,,2.5,60,40,60,0,0,,,,no M572 in start_filament_gcode
Extrudr Flex Medium @COREONE 0.6,0.6,0.6,0,0,FLEX,Extrudr,4.5,240,240,50,50,30,0,1.1,,2.5,60,40,60,0,0,,,,no M572 in start_filament_gcode
Extrudr Flex Medium @COREONE 0.8,0.8,0.8,0,0,FLEX,Extrudr,8,240,240,50,50,30,0,1.1,,2.5,60,45,60,0,0,,,,no M572 in start_filament_gcode
Extrudr Flex SemiSoft @COREONE,0.4,0.4,0,0,FLEX,Extrudr,3,240,240,50,50,30,0,1.1,,3,60,40,60,0,0,,,,no M572 in start_filament_gcode
Extrudr Flex SemiSoft @COREONE 0.6,0.6,0.6,0,0,FLEX,Extrudr,4.5,240,240,50,50,30,0,1.1,,3,60,40,60,0,0,,,,no M572 in start_filament_gcode
Extrudr Flex SemiSoft @COREONE 0.8,0.8,0.8,0,0,FLEX,Extrudr,8,240,240,50,50,30,0,1.1,,3,60,45,60,0,0,,,,no M572 in start_filament_gcode
addnorth Adamant S1 @COREONE,0.4,0.4,0,0,FLEX,addnorth,3,250,245,50,50,30,0,1,,1.5,60,30,50,1,1,,,,no M572 in start_filament_gcode
addnorth Adamant S1 @COREONE 0.6,0.6,0.6,0,0,FLEX,addnorth,4.5,245,245,50,50,30,0,1,,1.5,60,30,50,1,1,,,,no M572 in start_filament_gcode
addnorth Adamant S1 @COREONE 0.8,0.8,0.8,0,0,FLEX,addnorth,9,250,245,50,50,30,0,1,,1.5,60,30,50,1,1,,,,no M572 in start_filament_gcode
addnorth Adura X @COREONE,0.4,0.4,0,0,PA,addnorth,4,270,265,115,105,35,0,0.98,1,0.8,,30,60,1,0,,0.053,conditional,S value templated on nozzle_diameter; resolved for this variant
addnorth Adura X @COREONE 0.6,0.6,0.6,0,0,PA,addnorth,6,265,265,115,105,35,0,0.98,1,0.8,,30,60,1,0,,0.032,conditional,S value templated on nozzle_diameter; resolved for this variant
addnorth Adura X @COREONE 0.8,0.8,0.8,0,0,PA,addnorth,8,270,265,115,105,35,0,0.98,1,0.8,,30,65,1,0,,0.018,conditional,S value templated on nozzle_diameter; resolved for this variant
addnorth E-PLA @COREONE,0.4,0.4,0,0,PLA,addnorth,15,220,230,60,60,20,0,0.98,,,,85,100,1,1,,0.036,conditional,S value templated on nozzle_diameter; resolved for this variant
addnorth E-PLA @COREONE 0.6,0.6,0.6,0,0,PLA,addnorth,15.5,215,230,60,60,20,0,0.98,,,,85,100,1,1,,0.022,conditional,S value templated on nozzle_diameter; resolved for this variant
addnorth E-PLA @COREONE 0.8,0.8,0.8,0,0,PLA,addnorth,19,220,230,60,60,20,0,0.98,,,,85,100,1,1,,0.014,conditional,S value templated on nozzle_diameter; resolved for this variant
addnorth E-PLA @COREONE HF0.4,HF0.4,0.4,1,0,PLA,addnorth,21,225,230,60,60,20,0,0.98,,,,85,100,1,1,,0.036,conditional,S value templated on nozzle_diameter; resolved for this variant
addnorth E-PLA @COREONE HF0.5,HF0.5,0.5,1,0,PLA,addnorth,24,225,230,60,60,20,0,0.98,,,,85,100,1,1,,0.026,conditional,S value templated on nozzle_diameter; resolved for this variant
addnorth E-PLA @COREONE HF0.6,HF0.6,0.6,1,0,PLA,addnorth,28,225,230,60,60,20,0,0.98,,,,85,100,1,1,,0.022,conditional,S value templated on nozzle_diameter; resolved for this variant
addnorth E-PLA @COREONE HF0.8,HF0.8,0.8,1,0,PLA,addnorth,35,225,230,60,60,20,0,0.98,,,,85,100,1,1,,0.015,conditional,S value templated on nozzle_diameter; resolved for this variant
addnorth ESD-PETG @COREONE,0.4,0.4,0,0,PETG,addnorth,2,265,245,80,85,35,0,0.98,,0.8,,12,20,1,1,,0.053,conditional,S value templated on nozzle_diameter; resolved for this variant
addnorth ESD-PETG @COREONE 0.6,0.6,0.6,0,0,PETG,addnorth,3.5,260,245,80,85,35,0,0.98,,0.8,,12,20,1,1,,0.032,conditional,S value templated on nozzle_diameter; resolved for this variant
addnorth ESD-PETG @COREONE 0.8,0.8,0.8,0,0,PETG,addnorth,6,265,245,80,85,35,0,0.98,,0.8,,15,20,1,1,,0.018,conditional,S value templated on nozzle_diameter; resolved for this variant
addnorth ESD-PETG @COREONE HF0.4,HF0.4,0.4,1,0,PETG,addnorth,2,265,245,80,85,35,0,0.98,,0.8,,12,20,1,1,,0.047,conditional,S value templated on nozzle_diameter; resolved for this variant
addnorth ESD-PETG @COREONE HF0.5,HF0.5,0.5,1,0,PETG,addnorth,3.5,265,245,80,85,35,0,0.98,,0.8,,12,20,1,1,,0.042,conditional,S value templated on nozzle_diameter; resolved for this variant
addnorth ESD-PETG @COREONE HF0.6,HF0.6,0.6,1,0,PETG,addnorth,3.5,260,245,80,85,35,0,0.98,,0.8,,12,20,1,1,,0.033,conditional,S value templated on nozzle_diameter; resolved for this variant
addnorth ESD-PETG @COREONE HF0.8,HF0.8,0.8,1,0,PETG,addnorth,6,265,245,80,85,35,0,0.98,,0.8,,15,20,1,1,,0.021,conditional,S value templated on nozzle_diameter; resolved for this variant
addnorth OBC Polyethylene @COREONE,0.4,0.4,0,0,FLEX,addnorth,4,200,195,100,100,30,0,1,,1.5,60,20,20,1,1,,,,no M572 in start_filament_gcode
addnorth OBC Polyethylene @COREONE 0.6,0.6,0.6,0,0,FLEX,addnorth,6,200,195,100,100,30,0,1,,1.5,60,20,20,1,1,,,,no M572 in start_filament_gcode
addnorth OBC Polyethylene @COREONE 0.8,0.8,0.8,0,0,FLEX,addnorth,10,200,195,100,100,30,0,1,,1.5,60,20,20,1,1,,,,no M572 in start_filament_gcode
addnorth PETG @COREONE,0.4,0.4,0,0,PETG,addnorth,12,250,240,80,85,35,0,1,,0.8,,13,30,1,1,,0.053,conditional,S value templated on nozzle_diameter; resolved for this variant
addnorth PETG @COREONE 0.6,0.6,0.6,0,0,PETG,addnorth,17,240,240,80,85,35,0,1,,0.8,,13,30,1,1,,0.032,conditional,S value templated on nozzle_diameter; resolved for this variant
addnorth PETG @COREONE 0.8,0.8,0.8,0,0,PETG,addnorth,22,250,240,80,85,35,0,1,,0.8,,15,30,1,1,,0.018,conditional,S value templated on nozzle_diameter; resolved for this variant
addnorth PETG @COREONE HF0.4,HF0.4,0.4,1,0,PETG,addnorth,22,250,240,80,85,35,0,1,,0.8,,13,30,1,1,,0.047,conditional,S value templated on nozzle_diameter; resolved for this variant
addnorth PETG @COREONE HF0.5,HF0.5,0.5,1,0,PETG,addnorth,24,250,240,80,85,35,0,1,,0.8,,13,30,1,1,,0.042,conditional,S value templated on nozzle_diameter; resolved for this variant
addnorth PETG @COREONE HF0.6,HF0.6,0.6,1,0,PETG,addnorth,30,240,240,80,85,35,0,1,,0.8,,13,30,1,1,,0.033,conditional,S value templated on nozzle_diameter; resolved for this variant
addnorth PETG @COREONE HF0.8,HF0.8,0.8,1,0,PETG,addnorth,36,250,240,80,85,35,0,1,,0.8,,15,30,1,1,,0.021,conditional,S value templated on nozzle_diameter; resolved for this variant
addnorth Rigid X @COREONE,0.4,0.4,0,0,PETG,addnorth,5,260,250,85,90,35,0,0.98,1,0.8,,14,40,1,1,,0.053,conditional,S value templated on nozzle_diameter; resolved for this variant
addnorth Rigid X @COREONE 0.6,0.6,0.6,0,0,PETG,addnorth,7,255,250,85,90,35,0,0.98,1,0.8,,14,40,1,1,,0.032,conditional,S value templated on nozzle_diameter; resolved for this variant
addnorth Rigid X @COREONE 0.8,0.8,0.8,0,0,PETG,addnorth,10,260,250,85,90,35,0,0.98,1,0.8,,14,40,1,1,,0.018,conditional,S value templated on nozzle_diameter; resolved for this variant
addnorth Textura @COREONE,0.4,0.4,0,0,PLA,addnorth,12,220,230,65,65,20,0,0.95,,1,,15,30,1,1,,0.036,conditional,S value templated on nozzle_diameter; resolved for this variant
addnorth Textura @COREONE 0.6,0.6,0.6,0,0,PLA,addnorth,15.5,215,215,65,65,20,0,0.95,,1,,15,30,1,1,,0.022,conditional,S value templated on nozzle_diameter; resolved for this variant
addnorth Textura @COREONE 0.8,0.8,0.8,0,0,PLA,addnorth,19,220,230,65,65,20,0,0.95,,1,,15,35,1,1,,0.014,conditional,S value templated on nozzle_diameter; resolved for this variant
addnorth Textura @COREONE HF0.4,HF0.4,0.4,1,0,PLA,addnorth,21,220,230,65,65,20,0,0.95,,1,,15,30,1,1,,0.036,conditional,S value templated on nozzle_diameter; resolved for this variant
addnorth Textura @COREONE HF0.5,HF0.5,0.5,1,0,PLA,addnorth,24,220,230,65,65,20,0,0.95,,1,,15,30,1,1,,0.026,conditional,S value templated on nozzle_diameter; resolved for this variant
addnorth Textura @COREONE HF0.6,HF0.6,0.6,1,0,PLA,addnorth,28,215,215,65,65,20,0,0.95,,1,,15,30,1,1,,0.022,conditional,S value templated on nozzle_diameter; resolved for this variant
addnorth Textura @COREONE HF0.8,HF0.8,0.8,1,0,PLA,addnorth,35,220,230,65,65,20,0,0.95,,1,,15,35,1,1,,0.015,conditional,S value templated on nozzle_diameter; resolved for this variant
Filamentworld ABS @COREONE,0.4,0.4,0,0,ABS,Filamentworld,15,230,240,95,100,55,40,1,,,,15,20,1,0,0.22%,0.02,conditional,S value templated on nozzle_diameter; resolved for this variant
Filamentworld ABS @COREONE 0.6,0.6,0.6,0,0,ABS,Filamentworld,15,230,240,95,100,55,40,1,,,,15,20,1,0,0.22%,0.012,conditional,S value templated on nozzle_diameter; resolved for this variant
Filamentworld ABS @COREONE 0.8,0.8,0.8,0,0,ABS,Filamentworld,18,240,240,95,100,55,40,1,,,,15,20,1,0,0.22%,0.01,conditional,S value templated on nozzle_diameter; resolved for this variant
Filamentworld ABS @COREONE HF0.4,HF0.4,0.4,1,0,ABS,Filamentworld,25,230,240,95,100,55,40,1,,,,15,20,1,0,0.22%,0.02,conditional,S value templated on nozzle_diameter; resolved for this variant
Filamentworld ABS @COREONE HF0.5,HF0.5,0.5,1,0,ABS,Filamentworld,27,230,240,95,100,55,40,1,,,,15,20,1,0,0.22%,0.018,conditional,S value templated on nozzle_diameter; resolved for this variant
Filamentworld ABS @COREONE HF0.6,HF0.6,0.6,1,0,ABS,Filamentworld,34,230,240,95,100,55,40,1,,,,15,20,1,0,0.22%,0.015,conditional,S value templated on nozzle_diameter; resolved for this variant
Filamentworld ABS @COREONE HF0.8,HF0.8,0.8,1,0,ABS,Filamentworld,36,240,240,95,100,55,40,1,,,,15,20,1,0,0.22%,0.01,conditional,S value templated on nozzle_diameter; resolved for this variant
Filamentworld PETG @COREONE,0.4,0.4,0,0,PETG,Filamentworld,8,235,240,70,85,35,0,1,,0.8,,30,60,1,1,,0.053,conditional,S value templated on nozzle_diameter; resolved for this variant
Filamentworld PETG @COREONE 0.6,0.6,0.6,0,0,PETG,Filamentworld,17,235,240,70,85,35,0,1,,0.8,,30,60,1,1,,0.032,conditional,S value templated on nozzle_diameter; resolved for this variant
Filamentworld PETG @COREONE 0.8,0.8,0.8,0,0,PETG,Filamentworld,22,245,240,70,85,35,0,1,,0.8,,30,65,1,1,,0.018,conditional,S value templated on nozzle_diameter; resolved for this variant
Filamentworld PETG @COREONE HF0.4,HF0.4,0.4,1,0,PETG,Filamentworld,8,235,240,70,85,35,0,1,,0.8,,30,60,1,1,,0.047,conditional,S value templated on nozzle_diameter; resolved for this variant
Filamentworld PETG @COREONE HF0.5,HF0.5,0.5,1,0,PETG,Filamentworld,24,235,240,70,85,35,0,1,,0.8,,30,60,1,1,,0.042,conditional,S value templated on nozzle_diameter; resolved for this variant
Filamentworld PETG @COREONE HF0.6,HF0.6,0.6,1,0,PETG,Filamentworld,30,235,240,70,85,35,0,1,,0.8,,30,60,1,1,,0.033,conditional,S value templated on nozzle_diameter; resolved for this variant
Filamentworld PETG @COREONE HF0.8,HF0.8,0.8,1,0,PETG,Filamentworld,36,245,240,70,85,35,0,1,,0.8,,30,65,1,1,,0.021,conditional,S value templated on nozzle_diameter; resolved for this variant
Filamentworld PLA @COREONE,0.4,0.4,0,0,PLA,Filamentworld,12,210,230,55,60,20,0,1,,,,85,100,1,1,,0.036,conditional,S value templated on nozzle_diameter; resolved for this variant
Filamentworld PLA @COREONE 0.6,0.6,0.6,0,0,PLA,Filamentworld,15.5,210,230,55,60,20,0,1,,,,85,100,1,1,,0.022,conditional,S value templated on nozzle_diameter; resolved for this variant
Filamentworld PLA @COREONE 0.8,0.8,0.8,0,0,PLA,Filamentworld,19,220,230,55,60,20,0,1,,,,85,100,1,1,,0.014,conditional,S value templated on nozzle_diameter; resolved for this variant
Filamentworld PLA @COREONE HF0.4,HF0.4,0.4,1,0,PLA,Filamentworld,21,210,230,55,60,20,0,1,,,,85,100,1,1,,0.036,conditional,S value templated on nozzle_diameter; resolved for this variant
Filamentworld PLA @COREONE HF0.5,HF0.5,0.5,1,0,PLA,Filamentworld,24,210,230,55,60,20,0,1,,,,85,100,1,1,,0.026,conditional,S value templated on nozzle_diameter; resolved for this variant
Filamentworld PLA @COREONE HF0.6,HF0.6,0.6,1,0,PLA,Filamentworld,28,210,230,55,60,20,0,1,,,,85,100,1,1,,0.022,conditional,S value templated on nozzle_diameter; resolved for this variant
Filamentworld PLA @COREONE HF0.8,HF0.8,0.8,1,0,PLA,Filamentworld,35,220,230,55,60,20,0,1,,,,85,100,1,1,,0.015,conditional,S value templated on nozzle_diameter; resolved for this variant
Filament PM PETG @COREONE,0.4,0.4,0,0,PETG,Filament PM,12,255,255,85,85,35,0,1,,0.8,,30,60,1,1,,0.053,conditional,S value templated on nozzle_diameter; resolved for this variant
Filament PM PETG @COREONE 0.6,0.6,0.6,0,0,PETG,Filament PM,17,255,255,85,85,35,0,1,,0.8,,30,60,1,1,,0.032,conditional,S value templated on nozzle_diameter; resolved for this variant
Filament PM PETG @COREONE 0.8,0.8,0.8,0,0,PETG,Filament PM,22,255,255,85,85,35,0,1,,0.8,,30,65,1,1,,0.018,conditional,S value templated on nozzle_diameter; resolved for this variant
Filament PM PETG @COREONE HF0.4,HF0.4,0.4,1,0,PETG,Filament PM,22,255,255,85,85,35,0,1,,0.8,,30,60,1,1,,0.047,conditional,S value templated on nozzle_diameter; resolved for this variant
Filament PM PETG @COREONE HF0.5,HF0.5,0.5,1,0,PETG,Filament PM,24,255,255,85,85,35,0,1,,0.8,,30,60,1,1,,0.042,conditional,S value templated on nozzle_diameter; resolved for this variant
Filament PM PETG @COREONE HF0.6,HF0.6,0.6,1,0,PETG,Filament PM,30,255,255,85,85,35,0,1,,0.8,,30,60,1,1,,0.033,conditional,S value templated on nozzle_diameter; resolved for this variant
Filament PM PETG @COREONE HF0.8,HF0.8,0.8,1,0,PETG,Filament PM,36,255,255,85,85,35,0,1,,0.8,,30,65,1,1,,0.021,conditional,S value templated on nozzle_diameter; resolved for this variant
Generic PLA @COREONE,0.4,0.4,0,0,PLA,Generic,15,220,230,60,60,20,0,1,,,,85,100,1,1,,0.03,conditional,S value templated on nozzle_diameter; resolved for this variant
Generic PLA @COREONE 0.6,0.6,0.6,0,0,PLA,Generic,15,220,230,60,60,20,0,1,,,,85,100,1,1,,0.019,conditional,S value templated on nozzle_diameter; resolved for this variant
Generic PLA @COREONE 0.8,0.8,0.8,0,0,PLA,Generic,19,225,230,60,60,20,0,1,,,,85,100,1,1,,0.013,conditional,S value templated on nozzle_diameter; resolved for this variant
Generic PLA @COREONE HF0.4,HF0.4,0.4,1,0,PLA,Generic,21,225,230,60,60,20,0,1,,,,85,100,1,1,,0.03,conditional,S value templated on nozzle_diameter; resolved for this variant
Generic PLA @COREONE HF0.5,HF0.5,0.5,1,0,PLA,Generic,24,225,230,60,60,20,0,1,,,,85,100,1,1,,0.022,conditional,S value templated on nozzle_diameter; resolved for this variant
Generic PLA @COREONE HF0.6,HF0.6,0.6,1,0,PLA,Generic,28,225,230,60,60,20,0,1,,,,85,100,1,1,,0.019,conditional,S value templated on nozzle_diameter; resolved for this variant
Generic PLA @COREONE HF0.8,HF0.8,0.8,1,0,PLA,Generic,35,225,230,60,60,20,0,1,,,,85,100,1,1,,0.013,conditional,S value templated on nozzle_diameter; resolved for this variant
Generic PLA @COREONEINDX HF0.4,INDX HF0.4,0.4,1,1,PLA,Generic,17,215,220,60,60,20,0,1,,,,100,100,1,1,,0.03,,
Generic PLA Silk @COREONE,0.4,0.4,0,0,PLA,Generic,7,225,230,60,60,20,0,1,,,,85,100,1,1,,0.03,conditional,S value templated on nozzle_diameter; resolved for this variant
Generic PLA Silk @COREONE 0.6,0.6,0.6,0,0,PLA,Generic,9,215,230,60,60,20,0,1,,,,85,100,1,1,,0.018,conditional,S value templated on nozzle_diameter; resolved for this variant
Generic PLA Silk @COREONE 0.8,0.8,0.8,0,0,PLA,Generic,12,225,230,60,60,20,0,1,,,,85,100,1,1,,0.012,conditional,S value templated on nozzle_diameter; resolved for this variant
Generic PLA Silk @COREONEINDX HF0.4,INDX HF0.4,0.4,1,1,PLA,Generic,12.5,215,220,60,60,20,0,1,,0.8,,100,100,1,1,,0.03,,
3D-Fuel Standard PLA+ @COREONE,0.4,0.4,0,0,PLA,3D-Fuel,10,220,230,60,60,20,0,1,,,,85,100,1,1,,0.036,conditional,S value templated on nozzle_diameter; resolved for this variant
3D-Fuel Standard PLA+ @COREONE 0.6,0.6,0.6,0,0,PLA,3D-Fuel,13,220,230,60,60,20,0,1,,,,85,100,1,1,,0.022,conditional,S value templated on nozzle_diameter; resolved for this variant
3D-Fuel Standard PLA+ @COREONE 0.8,0.8,0.8,0,0,PLA,3D-Fuel,17,220,230,60,60,20,0,1,,,,85,100,1,1,,0.014,conditional,S value templated on nozzle_diameter; resolved for this variant
3D-Fuel Standard PLA+ @COREONE HF0.4,HF0.4,0.4,1,0,PLA,3D-Fuel,16,220,230,60,60,20,0,1,,,,85,100,1,1,,0.036,conditional,S value templated on nozzle_diameter; resolved for this variant
3D-Fuel Standard PLA+ @COREONE HF0.5,HF0.5,0.5,1,0,PLA,3D-Fuel,16,220,230,60,60,20,0,1,,,,85,100,1,1,,0.026,conditional,S value templated on nozzle_diameter; resolved for this variant
3D-Fuel Standard PLA+ @COREONE HF0.6,HF0.6,0.6,1,0,PLA,3D-Fuel,23,220,230,60,60,20,0,1,,,,85,100,1,1,,0.022,conditional,S value templated on nozzle_diameter; resolved for this variant
3D-Fuel Standard PLA+ @COREONE HF0.8,HF0.8,0.8,1,0,PLA,3D-Fuel,27,220,230,60,60,20,0,1,,,,85,100,1,1,,0.015,conditional,S value templated on nozzle_diameter; resolved for this variant
3D-Fuel Tough PLA+ @COREONE,0.4,0.4,0,0,PLA,3D-Fuel,10,230,230,60,60,20,0,1,,,,70,100,1,1,,0.036,conditional,S value templated on nozzle_diameter; resolved for this variant
3D-Fuel Tough PLA+ @COREONE 0.6,0.6,0.6,0,0,PLA,3D-Fuel,15.5,230,230,60,60,20,0,1,,,,70,100,1,1,,0.022,conditional,S value templated on nozzle_diameter; resolved for this variant
3D-Fuel Tough PLA+ @COREONE 0.8,0.8,0.8,0,0,PLA,3D-Fuel,19,230,230,60,60,20,0,1,,,,70,100,1,1,,0.014,conditional,S value templated on nozzle_diameter; resolved for this variant
3D-Fuel Tough PLA+ @COREONE HF0.4,HF0.4,0.4,1,0,PLA,3D-Fuel,22,230,230,60,60,20,0,1,,,,70,100,1,1,,0.036,conditional,S value templated on nozzle_diameter; resolved for this variant
3D-Fuel Tough PLA+ @COREONE HF0.5,HF0.5,0.5,1,0,PLA,3D-Fuel,22,230,230,60,60,20,0,1,,,,70,100,1,1,,0.026,conditional,S value templated on nozzle_diameter; resolved for this variant
3D-Fuel Tough PLA+ @COREONE HF0.6,HF0.6,0.6,1,0,PLA,3D-Fuel,25,230,230,60,60,20,0,1,,,,70,100,1,1,,0.022,conditional,S value templated on nozzle_diameter; resolved for this variant
3D-Fuel Tough PLA+ @COREONE HF0.8,HF0.8,0.8,1,0,PLA,3D-Fuel,30,230,230,60,60,20,0,1,,,,70,100,1,1,,0.015,conditional,S value templated on nozzle_diameter; resolved for this variant
3D-Fuel Pro PETG @COREONE,0.4,0.4,0,0,PETG,3D-Fuel,12,255,255,85,85,40,0,1,,0.8,,30,60,1,1,,0.055,conditional,S value templated on nozzle_diameter; resolved for this variant
3D-Fuel Pro PETG @COREONE 0.6,0.6,0.6,0,0,PETG,3D-Fuel,17,255,255,85,85,40,0,1,,0.8,,30,60,1,1,,0.033,conditional,S value templated on nozzle_diameter; resolved for this variant
3D-Fuel Pro PETG @COREONE 0.8,0.8,0.8,0,0,PETG,3D-Fuel,22,255,255,85,85,40,0,1,,0.8,,30,65,1,1,,0.021,conditional,S value templated on nozzle_diameter; resolved for this variant
3D-Fuel Pro PETG @COREONE HF0.4,HF0.4,0.4,1,0,PETG,3D-Fuel,14,255,255,85,85,40,0,1,,0.8,,30,60,1,1,,0.055,conditional,S value templated on nozzle_diameter; resolved for this variant
3D-Fuel Pro PETG @COREONE HF0.5,HF0.5,0.5,1,0,PETG,3D-Fuel,14,255,255,85,85,40,0,1,,0.8,,30,60,1,1,,0.042,conditional,S value templated on nozzle_diameter; resolved for this variant
3D-Fuel Pro PETG @COREONE HF0.6,HF0.6,0.6,1,0,PETG,3D-Fuel,20,255,255,85,85,40,0,1,,0.8,,30,60,1,1,,0.033,conditional,S value templated on nozzle_diameter; resolved for this variant
3D-Fuel Pro PETG @COREONE HF0.8,HF0.8,0.8,1,0,PETG,3D-Fuel,24,255,255,85,85,40,0,1,,0.8,,30,65,1,1,,0.021,conditional,S value templated on nozzle_diameter; resolved for this variant
3D-Fuel Pro PCTG @COREONE,0.4,0.4,0,0,PCTG,3D-Fuel,10,260,260,80,80,40,0,1,,0.8,,10,40,1,1,,0.053,conditional,S value templated on nozzle_diameter; resolved for this variant
3D-Fuel Pro PCTG @COREONE 0.6,0.6,0.6,0,0,PCTG,3D-Fuel,14,260,260,80,80,40,0,1,,0.8,,10,40,1,1,,0.032,conditional,S value templated on nozzle_diameter; resolved for this variant
3D-Fuel Pro PCTG @COREONE 0.8,0.8,0.8,0,0,PCTG,3D-Fuel,18,260,260,80,80,40,0,1,,0.8,,10,40,1,1,,0.018,conditional,S value templated on nozzle_diameter; resolved for this variant
3D-Fuel Pro PCTG @COREONE HF0.4,HF0.4,0.4,1,0,PCTG,3D-Fuel,14,260,260,80,80,40,0,1,,0.8,,10,40,1,1,,0.047,conditional,S value templated on nozzle_diameter; resolved for this variant
3D-Fuel Pro PCTG @COREONE HF0.5,HF0.5,0.5,1,0,PCTG,3D-Fuel,14,260,260,80,80,40,0,1,,0.8,,10,40,1,1,,0.042,conditional,S value templated on nozzle_diameter; resolved for this variant
3D-Fuel Pro PCTG @COREONE HF0.6,HF0.6,0.6,1,0,PCTG,3D-Fuel,18,260,260,80,80,40,0,1,,0.8,,10,40,1,1,,0.033,conditional,S value templated on nozzle_diameter; resolved for this variant
3D-Fuel Pro PCTG @COREONE HF0.8,HF0.8,0.8,1,0,PCTG,3D-Fuel,22,260,260,80,80,40,0,1,,0.8,,10,40,1,1,,0.021,conditional,S value templated on nozzle_diameter; resolved for this variant
3D-Fuel Pro PCTG Matte Black @COREONE,0.4,0.4,0,0,PCTG,3D-Fuel,10,260,260,80,80,40,0,1,1,0.8,,10,40,1,1,,0.053,conditional,S value templated on nozzle_diameter; resolved for this variant
3D-Fuel Pro PCTG Matte Black @COREONE 0.6,0.6,0.6,0,0,PCTG,3D-Fuel,14,260,260,80,80,40,0,1,1,0.8,,10,40,1,1,,0.032,conditional,S value templated on nozzle_diameter; resolved for this variant
3D-Fuel Pro PCTG Matte Black @COREONE 0.8,0.8,0.8,0,0,PCTG,3D-Fuel,18,260,260,80,80,40,0,1,1,0.8,,10,40,1,1,,0.018,conditional,S value templated on nozzle_diameter; resolved for this variant
3D-Fuel Pro PCTG Matte Black @COREONE HF0.4,HF0.4,0.4,1,0,PCTG,3D-Fuel,14,260,260,80,80,40,0,1,1,0.8,,10,40,1,1,,0.047,conditional,S value templated on nozzle_diameter; resolved for this variant
3D-Fuel Pro PCTG Matte Black @COREONE HF0.5,HF0.5,0.5,1,0,PCTG,3D-Fuel,14,260,260,80,80,40,0,1,1,0.8,,10,40,1,1,,0.042,conditional,S value templated on nozzle_diameter; resolved for this variant
3D-Fuel Pro PCTG Matte Black @COREONE HF0.6,HF0.6,0.6,1,0,PCTG,3D-Fuel,18,260,260,80,80,40,0,1,1,0.8,,10,40,1,1,,0.033,conditional,S value templated on nozzle_diameter; resolved for this variant
3D-Fuel Pro PCTG Matte Black @COREONE HF0.8,HF0.8,0.8,1,0,PCTG,3D-Fuel,22,260,260,80,80,40,0,1,1,0.8,,10,40,1,1,,0.021,conditional,S value templated on nozzle_diameter; resolved for this variant
3D-Fuel PET-CF @COREONE 0.6,0.6,0.6,0,0,PET,3D-Fuel,10,285,285,90,90,45,0,1.03,1,0.8,,10,20,1,0,,0.032,conditional,S value templated on nozzle_diameter; resolved for this variant
3D-Fuel PET-CF @COREONE HF0.5,HF0.5,0.5,1,0,PET,3D-Fuel,10,285,285,90,90,45,0,1.03,1,0.8,,10,20,1,0,,0.042,conditional,S value templated on nozzle_diameter; resolved for this variant
3D-Fuel PET-CF @COREONE HF0.6,HF0.6,0.6,1,0,PET,3D-Fuel,10,285,285,90,90,45,0,1.03,1,0.8,,10,20,1,0,,0.033,conditional,S value templated on nozzle_diameter; resolved for this variant
Jessie PLA @COREONE,0.4,0.4,0,0,PLA,Printed Solid,12,220,230,60,60,20,0,1,,,,85,100,1,1,,0.03,conditional,S value templated on nozzle_diameter; resolved for this variant
Jessie PLA @COREONE 0.6,0.6,0.6,0,0,PLA,Printed Solid,14,215,230,60,60,20,0,1,,,,85,100,1,1,,0.018,conditional,S value templated on nozzle_diameter; resolved for this variant
Jessie PLA @COREONE 0.8,0.8,0.8,0,0,PLA,Printed Solid,17,220,230,60,60,20,0,1,,,,85,100,1,1,,0.012,conditional,S value templated on nozzle_diameter; resolved for this variant
Jessie PLA @COREONE HF0.4,HF0.4,0.4,1,0,PLA,Printed Solid,21,225,230,60,60,20,0,1,,,,85,100,1,1,,0.03,conditional,S value templated on nozzle_diameter; resolved for this variant
Jessie PLA @COREONE HF0.5,HF0.5,0.5,1,0,PLA,Printed Solid,24,225,230,60,60,20,0,1,,,,85,100,1,1,,0.021,conditional,S value templated on nozzle_diameter; resolved for this variant
Jessie PLA @COREONE HF0.6,HF0.6,0.6,1,0,PLA,Printed Solid,28,225,230,60,60,20,0,1,,,,85,100,1,1,,0.018,conditional,S value templated on nozzle_diameter; resolved for this variant
Jessie PLA @COREONE HF0.8,HF0.8,0.8,1,0,PLA,Printed Solid,35,225,230,60,60,20,0,1,,,,85,100,1,1,,0.012,conditional,S value templated on nozzle_diameter; resolved for this variant
Jessie PETG @COREONE,0.4,0.4,0,0,PETG,Printed Solid,12,245,245,85,85,35,0,1,,0.8,,30,60,1,1,,0.053,conditional,S value templated on nozzle_diameter; resolved for this variant
Jessie PETG @COREONE 0.6,0.6,0.6,0,0,PETG,Printed Solid,17,245,245,85,85,35,0,1,,0.8,,30,60,1,1,,0.032,conditional,S value templated on nozzle_diameter; resolved for this variant
Jessie PETG @COREONE 0.8,0.8,0.8,0,0,PETG,Printed Solid,22,245,245,85,85,35,0,1,,0.8,,30,65,1,1,,0.018,conditional,S value templated on nozzle_diameter; resolved for this variant
Jessie PETG @COREONE HF0.4,HF0.4,0.4,1,0,PETG,Printed Solid,21,250,250,85,85,35,0,1,,0.8,,30,60,1,1,,0.047,conditional,S value templated on nozzle_diameter; resolved for this variant
Jessie PETG @COREONE HF0.5,HF0.5,0.5,1,0,PETG,Printed Solid,24,250,250,85,85,35,0,1,,0.8,,30,60,1,1,,0.042,conditional,S value templated on nozzle_diameter; resolved for this variant
Jessie PETG @COREONE HF0.6,HF0.6,0.6,1,0,PETG,Printed Solid,30,250,250,85,85,35,0,1,,0.8,,30,60,1,1,,0.033,conditional,S value templated on nozzle_diameter; resolved for this variant
Jessie PETG @COREONE HF0.8,HF0.8,0.8,1,0,PETG,Printed Solid,36,250,250,85,85,35,0,1,,0.8,,30,65,1,1,,0.021,conditional,S value templated on nozzle_diameter; resolved for this variant
VOXELPLA+ @COREONE,0.4,0.4,0,0,PLA,VOXELPLA,14,220,230,60,60,20,0,1,,,,85,100,1,1,,0.036,conditional,S value templated on nozzle_diameter; resolved for this variant
VOXELPLA+ @COREONE 0.6,0.6,0.6,0,0,PLA,VOXELPLA,15,220,230,60,60,20,0,1,,,,85,100,1,1,,0.022,conditional,S value templated on nozzle_diameter; resolved for this variant
VOXELPLA+ @COREONE 0.8,0.8,0.8,0,0,PLA,VOXELPLA,17,220,230,60,60,20,0,1,,,,85,100,1,1,,0.014,conditional,S value templated on nozzle_diameter; resolved for this variant
VOXELPLA+ @COREONE HF0.4,HF0.4,0.4,1,0,PLA,VOXELPLA,21,225,230,60,60,20,0,1,,,,85,100,1,1,,0.036,conditional,S value templated on nozzle_diameter; resolved for this variant
VOXELPLA+ @COREONE HF0.5,HF0.5,0.5,1,0,PLA,VOXELPLA,24,225,230,60,60,20,0,1,,,,85,100,1,1,,0.026,conditional,S value templated on nozzle_diameter; resolved for this variant
VOXELPLA+ @COREONE HF0.6,HF0.6,0.6,1,0,PLA,VOXELPLA,28,225,230,60,60,20,0,1,,,,85,100,1,1,,0.022,conditional,S value templated on nozzle_diameter; resolved for this variant
VOXELPLA+ @COREONE HF0.8,HF0.8,0.8,1,0,PLA,VOXELPLA,35,225,230,60,60,20,0,1,,,,85,100,1,1,,0.015,conditional,S value templated on nozzle_diameter; resolved for this variant
VOXELPETG+ @COREONE,0.4,0.4,0,0,PETG,VOXELPLA,12,245,240,85,85,35,0,1,,0.8,,30,60,1,1,,0.053,conditional,S value templated on nozzle_diameter; resolved for this variant
VOXELPETG+ @COREONE 0.6,0.6,0.6,0,0,PETG,VOXELPLA,17,240,240,85,85,35,0,1,,0.8,,30,60,1,1,,0.032,conditional,S value templated on nozzle_diameter; resolved for this variant
VOXELPETG+ @COREONE 0.8,0.8,0.8,0,0,PETG,VOXELPLA,22,245,245,85,85,35,0,1,,0.8,,30,65,1,1,,0.018,conditional,S value templated on nozzle_diameter; resolved for this variant
VOXELPETG+ @COREONE HF0.4,HF0.4,0.4,1,0,PETG,VOXELPLA,22,245,240,85,85,35,0,1,,0.8,,30,60,1,1,,0.047,conditional,S value templated on nozzle_diameter; resolved for this variant
VOXELPETG+ @COREONE HF0.5,HF0.5,0.5,1,0,PETG,VOXELPLA,24,245,240,85,85,35,0,1,,0.8,,30,60,1,1,,0.042,conditional,S value templated on nozzle_diameter; resolved for this variant
VOXELPETG+ @COREONE HF0.6,HF0.6,0.6,1,0,PETG,VOXELPLA,30,240,240,85,85,35,0,1,,0.8,,30,60,1,1,,0.033,conditional,S value templated on nozzle_diameter; resolved for this variant
VOXELPETG+ @COREONE HF0.8,HF0.8,0.8,1,0,PETG,VOXELPLA,36,245,245,85,85,35,0,1,,0.8,,30,65,1,1,,0.021,conditional,S value templated on nozzle_diameter; resolved for this variant
Devil Design PLA @COREONE,0.4,0.4,0,0,PLA,Devil Design,15,220,230,60,60,20,0,1,,,,85,100,1,1,,0.036,conditional,S value templated on nozzle_diameter; resolved for this variant
Devil Design PLA @COREONE 0.6,0.6,0.6,0,0,PLA,Devil Design,15.5,220,230,60,60,20,0,1,,,,85,100,1,1,,0.022,conditional,S value templated on nozzle_diameter; resolved for this variant
Devil Design PLA @COREONE 0.8,0.8,0.8,0,0,PLA,Devil Design,19,220,230,60,60,20,0,1,,,,85,100,1,1,,0.014,conditional,S value templated on nozzle_diameter; resolved for this variant
Devil Design PLA @COREONE HF0.4,HF0.4,0.4,1,0,PLA,Devil Design,21,220,230,60,60,20,0,1,,,,85,100,1,1,,0.036,conditional,S value templated on nozzle_diameter; resolved for this variant
Devil Design PLA @COREONE HF0.5,HF0.5,0.5,1,0,PLA,Devil Design,24,220,230,60,60,20,0,1,,,,85,100,1,1,,0.026,conditional,S value templated on nozzle_diameter; resolved for this variant
Devil Design PLA @COREONE HF0.6,HF0.6,0.6,1,0,PLA,Devil Design,28,220,230,60,60,20,0,1,,,,85,100,1,1,,0.022,conditional,S value templated on nozzle_diameter; resolved for this variant
Devil Design PLA @COREONE HF0.8,HF0.8,0.8,1,0,PLA,Devil Design,35,220,230,60,60,20,0,1,,,,85,100,1,1,,0.015,conditional,S value templated on nozzle_diameter; resolved for this variant
Devil Design PLA Silk @COREONE,0.4,0.4,0,0,PLA,Devil Design,7,235,235,60,60,20,0,1,,,,85,100,1,1,,0.022,conditional,S value templated on nozzle_diameter; resolved for this variant
Devil Design PLA Silk @COREONE 0.6,0.6,0.6,0,0,PLA,Devil Design,9,235,235,60,60,20,0,1,,,,85,100,1,1,,0.013,conditional,S value templated on nozzle_diameter; resolved for this variant
Devil Design PLA Silk @COREONE 0.8,0.8,0.8,0,0,PLA,Devil Design,12,235,235,60,60,20,0,1,,,,85,100,1,1,,0.009,conditional,S value templated on nozzle_diameter; resolved for this variant
Devil Design PETG @COREONE,0.4,0.4,0,0,PETG,Devil Design,12,240,240,85,85,35,0,1,,0.8,,30,60,1,1,,0.045,conditional,S value templated on nozzle_diameter; resolved for this variant
Devil Design PETG @COREONE 0.6,0.6,0.6,0,0,PETG,Devil Design,17,240,240,85,85,35,0,1,,0.8,,30,60,1,1,,0.031,conditional,S value templated on nozzle_diameter; resolved for this variant
Devil Design PETG @COREONE 0.8,0.8,0.8,0,0,PETG,Devil Design,22,240,240,85,85,35,0,1,,0.8,,30,65,1,1,,0.02,conditional,S value templated on nozzle_diameter; resolved for this variant
Devil Design PETG @COREONE HF0.4,HF0.4,0.4,1,0,PETG,Devil Design,22,245,245,85,85,35,0,1,,0.8,,30,60,1,1,,0.045,conditional,S value templated on nozzle_diameter; resolved for this variant
Devil Design PETG @COREONE HF0.5,HF0.5,0.5,1,0,PETG,Devil Design,24,245,245,85,85,35,0,1,,0.8,,30,60,1,1,,0.04,conditional,S value templated on nozzle_diameter; resolved for this variant
Devil Design PETG @COREONE HF0.6,HF0.6,0.6,1,0,PETG,Devil Design,30,245,245,85,85,35,0,1,,0.8,,30,60,1,1,,0.031,conditional,S value templated on nozzle_diameter; resolved for this variant
Devil Design PETG @COREONE HF0.8,HF0.8,0.8,1,0,PETG,Devil Design,36,245,245,85,85,35,0,1,,0.8,,30,65,1,1,,0.02,conditional,S value templated on nozzle_diameter; resolved for this variant
Spectrum PLA @COREONE,0.4,0.4,0,0,PLA,Spectrum,15,220,230,60,60,20,0,1,,,,85,100,1,1,,0.036,conditional,S value templated on nozzle_diameter; resolved for this variant
Spectrum PLA @COREONE 0.6,0.6,0.6,0,0,PLA,Spectrum,15.5,220,230,60,60,20,0,1,,,,85,100,1,1,,0.022,conditional,S value templated on nozzle_diameter; resolved for this variant
Spectrum PLA @COREONE 0.8,0.8,0.8,0,0,PLA,Spectrum,19,220,230,60,60,20,0,1,,,,85,100,1,1,,0.014,conditional,S value templated on nozzle_diameter; resolved for this variant
Spectrum PLA @COREONE HF0.4,HF0.4,0.4,1,0,PLA,Spectrum,21,220,230,60,60,20,0,1,,,,85,100,1,1,,0.036,conditional,S value templated on nozzle_diameter; resolved for this variant
Spectrum PLA @COREONE HF0.5,HF0.5,0.5,1,0,PLA,Spectrum,24,220,230,60,60,20,0,1,,,,85,100,1,1,,0.026,conditional,S value templated on nozzle_diameter; resolved for this variant
Spectrum PLA @COREONE HF0.6,HF0.6,0.6,1,0,PLA,Spectrum,28,220,230,60,60,20,0,1,,,,85,100,1,1,,0.022,conditional,S value templated on nozzle_diameter; resolved for this variant
Spectrum PLA @COREONE HF0.8,HF0.8,0.8,1,0,PLA,Spectrum,35,220,230,60,60,20,0,1,,,,85,100,1,1,,0.015,conditional,S value templated on nozzle_diameter; resolved for this variant
Spectrum PETG Matt @COREONE,0.4,0.4,0,0,PETG,Spectrum,12,240,230,85,85,35,0,1.1,,0.8,,25,70,1,1,,0.053,conditional,S value templated on nozzle_diameter; resolved for this variant
Spectrum PETG Matt @COREONE 0.6,0.6,0.6,0,0,PETG,Spectrum,17,240,230,85,85,35,0,1.1,,0.8,,25,70,1,1,,0.032,conditional,S value templated on nozzle_diameter; resolved for this variant
Spectrum PETG Matt @COREONE 0.8,0.8,0.8,0,0,PETG,Spectrum,22,240,230,85,85,35,0,1.1,,0.8,,25,70,1,1,,0.018,conditional,S value templated on nozzle_diameter; resolved for this variant
Spectrum PETG Matt @COREONE HF0.4,HF0.4,0.4,1,0,PETG,Spectrum,22,240,230,85,85,35,0,1.1,,0.8,,25,70,1,1,,0.047,conditional,S value templated on nozzle_diameter; resolved for this variant
Spectrum PETG Matt @COREONE HF0.5,HF0.5,0.5,1,0,PETG,Spectrum,24,240,230,85,85,35,0,1.1,,0.8,,25,70,1,1,,0.042,conditional,S value templated on nozzle_diameter; resolved for this variant
Spectrum PETG Matt @COREONE HF0.6,HF0.6,0.6,1,0,PETG,Spectrum,30,235,230,85,85,35,0,1.1,,0.8,,25,70,1,1,,0.033,conditional,S value templated on nozzle_diameter; resolved for this variant
Spectrum PETG Matt @COREONE HF0.8,HF0.8,0.8,1,0,PETG,Spectrum,36,240,230,85,85,35,0,1.1,,0.8,,25,70,1,1,,0.021,conditional,S value templated on nozzle_diameter; resolved for this variant
Spectrum PETG HT100 @COREONE,0.4,0.4,0,0,PETG,Spectrum,12,260,260,105,105,35,0,1,,0.8,,30,45,1,1,,0.053,conditional,S value templated on nozzle_diameter; resolved for this variant
Spectrum PETG HT100 @COREONE 0.6,0.6,0.6,0,0,PETG,Spectrum,17,250,260,105,105,35,0,1,,0.8,,30,45,1,1,,0.032,conditional,S value templated on nozzle_diameter; resolved for this variant
Spectrum PETG HT100 @COREONE 0.8,0.8,0.8,0,0,PETG,Spectrum,22,260,260,105,105,35,0,1,,0.8,,30,45,1,1,,0.018,conditional,S value templated on nozzle_diameter; resolved for this variant
Spectrum PETG HT100 @COREONE HF0.4,HF0.4,0.4,1,0,PETG,Spectrum,22,260,260,105,105,35,0,1,,0.8,,30,45,1,1,,0.047,conditional,S value templated on nozzle_diameter; resolved for this variant
Spectrum PETG HT100 @COREONE HF0.5,HF0.5,0.5,1,0,PETG,Spectrum,24,260,260,105,105,35,0,1,,0.8,,30,45,1,1,,0.042,conditional,S value templated on nozzle_diameter; resolved for this variant
Spectrum PETG HT100 @COREONE HF0.6,HF0.6,0.6,1,0,PETG,Spectrum,30,250,260,105,105,35,0,1,,0.8,,30,45,1,1,,0.033,conditional,S value templated on nozzle_diameter; resolved for this variant
Spectrum PETG HT100 @COREONE HF0.8,HF0.8,0.8,1,0,PETG,Spectrum,36,260,260,105,105,35,0,1,,0.8,,30,45,1,1,,0.021,conditional,S value templated on nozzle_diameter; resolved for this variant
Spectrum GreenyHT @COREONE,0.4,0.4,0,0,PLA,Spectrum,8,205,215,45,45,20,0,1.0,,,,25,80,1,1,,0.036,conditional,S value templated on nozzle_diameter; resolved for this variant
Spectrum GreenyHT @COREONE 0.6,0.6,0.6,0,0,PLA,Spectrum,10,205,215,45,45,20,0,1.0,,,,25,80,1,1,,0.022,conditional,S value templated on nozzle_diameter; resolved for this variant
Spectrum GreenyHT @COREONE 0.8,0.8,0.8,0,0,PLA,Spectrum,14,205,215,45,45,20,0,1.0,,,,25,80,1,1,,0.014,conditional,S value templated on nozzle_diameter; resolved for this variant
Spectrum ASA 275 @COREONE,0.4,0.4,0,0,ASA,Spectrum,15,237,237,80,80,55,40,0.98,,,,15,20,1,0,0.22%,0.02,conditional,S value templated on nozzle_diameter; resolved for this variant
Spectrum ASA 275 @COREONE 0.6,0.6,0.6,0,0,ASA,Spectrum,15,237,237,80,80,55,40,0.98,,,,15,20,1,0,0.22%,0.012,conditional,S value templated on nozzle_diameter; resolved for this variant
Spectrum ASA 275 @COREONE 0.8,0.8,0.8,0,0,ASA,Spectrum,18,237,237,80,80,55,40,0.98,,,,15,20,1,0,0.22%,0.01,conditional,S value templated on nozzle_diameter; resolved for this variant
Spectrum ASA 275 @COREONE HF0.4,HF0.4,0.4,1,0,ASA,Spectrum,25,237,237,80,80,55,40,0.98,,,,15,20,1,0,0.22%,0.02,conditional,S value templated on nozzle_diameter; resolved for this variant
Spectrum ASA 275 @COREONE HF0.5,HF0.5,0.5,1,0,ASA,Spectrum,27,237,237,80,80,55,40,0.98,,,,15,20,1,0,0.22%,0.018,conditional,S value templated on nozzle_diameter; resolved for this variant
Spectrum ASA 275 @COREONE HF0.6,HF0.6,0.6,1,0,ASA,Spectrum,34,237,237,80,80,55,40,0.98,,,,15,20,1,0,0.22%,0.015,conditional,S value templated on nozzle_diameter; resolved for this variant
Spectrum ASA 275 @COREONE HF0.8,HF0.8,0.8,1,0,ASA,Spectrum,36,237,237,80,80,55,40,0.98,,,,15,20,1,0,0.22%,0.01,conditional,S value templated on nozzle_diameter; resolved for this variant
Spectrum ASA Kevlar @COREONE,0.4,0.4,0,0,ASA,Spectrum,15,250,255,105,105,55,40,1.04,1,,,15,20,1,0,0%,0.02,conditional,S value templated on nozzle_diameter; resolved for this variant
Spectrum ASA Kevlar @COREONE 0.6,0.6,0.6,0,0,ASA,Spectrum,15,250,255,105,105,55,40,1.04,1,,,15,20,1,0,0%,0.012,conditional,S value templated on nozzle_diameter; resolved for this variant
Spectrum ASA Kevlar @COREONE 0.8,0.8,0.8,0,0,ASA,Spectrum,18,250,255,105,105,55,40,1.04,1,,,15,20,1,0,0%,0.01,conditional,S value templated on nozzle_diameter; resolved for this variant
Spectrum Tough PLA @COREONE,0.4,0.4,0,0,PLA,Spectrum,15,235,215,45,60,20,0,0.95,,,,85,100,1,1,,0.036,conditional,S value templated on nozzle_diameter; resolved for this variant
Spectrum Tough PLA @COREONE 0.6,0.6,0.6,0,0,PLA,Spectrum,15.5,230,215,45,60,20,0,0.95,,,,85,100,1,1,,0.022,conditional,S value templated on nozzle_diameter; resolved for this variant
Spectrum Tough PLA @COREONE 0.8,0.8,0.8,0,0,PLA,Spectrum,19,235,215,45,60,20,0,0.95,,,,85,100,1,1,,0.014,conditional,S value templated on nozzle_diameter; resolved for this variant
Spectrum Tough PLA @COREONE HF0.4,HF0.4,0.4,1,0,PLA,Spectrum,21,235,215,45,60,20,0,0.95,,,,85,100,1,1,,0.036,conditional,S value templated on nozzle_diameter; resolved for this variant
Spectrum Tough PLA @COREONE HF0.5,HF0.5,0.5,1,0,PLA,Spectrum,24,235,215,45,60,20,0,0.95,,,,85,100,1,1,,0.026,conditional,S value templated on nozzle_diameter; resolved for this variant
Spectrum Tough PLA @COREONE HF0.6,HF0.6,0.6,1,0,PLA,Spectrum,28,230,215,45,60,20,0,0.95,,,,85,100,1,1,,0.022,conditional,S value templated on nozzle_diameter; resolved for this variant
Spectrum Tough PLA @COREONE HF0.8,HF0.8,0.8,1,0,PLA,Spectrum,35,235,215,45,60,20,0,0.95,,,,85,100,1,1,,0.015,conditional,S value templated on nozzle_diameter; resolved for this variant
Spectrum PLA PRO @COREONE,0.4,0.4,0,0,PLA,Spectrum,15,220,230,60,60,20,0,1,,,,85,100,1,1,,0.036,conditional,S value templated on nozzle_diameter; resolved for this variant
Spectrum PLA PRO @COREONE 0.6,0.6,0.6,0,0,PLA,Spectrum,15.5,220,230,60,60,20,0,1,,,,85,100,1,1,,0.022,conditional,S value templated on nozzle_diameter; resolved for this variant
Spectrum PLA PRO @COREONE 0.8,0.8,0.8,0,0,PLA,Spectrum,19,220,230,60,60,20,0,1,,,,85,100,1,1,,0.014,conditional,S value templated on nozzle_diameter; resolved for this variant
Spectrum PLA PRO @COREONE HF0.4,HF0.4,0.4,1,0,PLA,Spectrum,21,220,230,60,60,20,0,1,,,,85,100,1,1,,0.036,conditional,S value templated on nozzle_diameter; resolved for this variant
Spectrum PLA PRO @COREONE HF0.5,HF0.5,0.5,1,0,PLA,Spectrum,24,220,230,60,60,20,0,1,,,,85,100,1,1,,0.026,conditional,S value templated on nozzle_diameter; resolved for this variant
Spectrum PLA PRO @COREONE HF0.6,HF0.6,0.6,1,0,PLA,Spectrum,28,220,230,60,60,20,0,1,,,,85,100,1,1,,0.022,conditional,S value templated on nozzle_diameter; resolved for this variant
Spectrum PLA PRO @COREONE HF0.8,HF0.8,0.8,1,0,PLA,Spectrum,35,220,230,60,60,20,0,1,,,,85,100,1,1,,0.015,conditional,S value templated on nozzle_diameter; resolved for this variant
Spectrum PCTG @COREONE,0.4,0.4,0,0,PCTG,Spectrum,12,260,260,90,85,40,0,1,,0.8,,30,60,1,1,,0.045,conditional,S value templated on nozzle_diameter; resolved for this variant
Spectrum PCTG @COREONE 0.6,0.6,0.6,0,0,PCTG,Spectrum,17,260,260,90,85,40,0,1,,0.8,,30,60,1,1,,0.029,conditional,S value templated on nozzle_diameter; resolved for this variant
Spectrum PCTG @COREONE 0.8,0.8,0.8,0,0,PCTG,Spectrum,22,260,260,90,85,40,0,1,,0.8,,30,65,1,1,,0.016,conditional,S value templated on nozzle_diameter; resolved for this variant
Spectrum PCTG @COREONE HF0.4,HF0.4,0.4,1,0,PCTG,Spectrum,22,260,260,90,85,40,0,1,,0.8,,30,60,1,1,,0.045,conditional,S value templated on nozzle_diameter; resolved for this variant
Spectrum PCTG @COREONE HF0.5,HF0.5,0.5,1,0,PCTG,Spectrum,24,260,260,90,85,40,0,1,,0.8,,30,60,1,1,,0.038,conditional,S value templated on nozzle_diameter; resolved for this variant
Spectrum PCTG @COREONE HF0.6,HF0.6,0.6,1,0,PCTG,Spectrum,30,260,260,90,85,40,0,1,,0.8,,30,60,1,1,,0.029,conditional,S value templated on nozzle_diameter; resolved for this variant
Spectrum PCTG @COREONE HF0.8,HF0.8,0.8,1,0,PCTG,Spectrum,36,260,260,90,85,40,0,1,,0.8,,30,65,1,1,,0.016,conditional,S value templated on nozzle_diameter; resolved for this variant
Generic FLEX @COREONE,0.4,0.4,0,0,FLEX,Generic,2.5,230,230,50,50,30,0,1.08,,2.5,60,30,50,1,1,,,,no M572 in start_filament_gcode
Generic FLEX @COREONE 0.6,0.6,0.6,0,0,FLEX,Generic,3.5,230,230,50,50,30,0,1.08,,2.5,60,30,50,1,1,,,,no M572 in start_filament_gcode
Generic FLEX @COREONE 0.8,0.8,0.8,0,0,FLEX,Generic,7.5,230,230,50,50,30,0,1.08,,2.5,60,30,50,1,1,,,,no M572 in start_filament_gcode
Fillamentum Flexfill 92A @COREONE,0.4,0.4,0,0,FLEX,Fillamentum,3,240,240,50,50,30,0,1.1,,3.5,60,40,45,0,1,,,,no M572 in start_filament_gcode
Fillamentum Flexfill 92A @COREONE 0.6,0.6,0.6,0,0,FLEX,Fillamentum,4,230,240,50,50,30,0,1.1,,3.5,60,40,45,0,1,,,,no M572 in start_filament_gcode
Fillamentum Flexfill 92A @COREONE 0.8,0.8,0.8,0,0,FLEX,Fillamentum,8,235,240,50,50,30,0,1.1,,3.5,60,40,45,0,1,,,,no M572 in start_filament_gcode
AmazonBasics TPU @COREONE,0.4,0.4,0,0,FLEX,AmazonBasics,3.5,235,235,50,50,30,0,1.1,,2.5,60,50,60,1,1,,,,no M572 in start_filament_gcode
AmazonBasics TPU @COREONE 0.6,0.6,0.6,0,0,FLEX,AmazonBasics,4.5,230,235,50,50,30,0,1.1,,2.5,60,50,60,1,1,,,,no M572 in start_filament_gcode
AmazonBasics TPU @COREONE 0.8,0.8,0.8,0,0,FLEX,AmazonBasics,8,235,235,50,50,30,0,1.1,,2.5,60,50,60,1,1,,,,no M572 in start_filament_gcode
SainSmart TPU @COREONE,0.4,0.4,0,0,FLEX,SainSmart,5,230,230,50,50,30,0,1.1,,1.5,60,50,60,1,1,,,,no M572 in start_filament_gcode
SainSmart TPU @COREONE 0.6,0.6,0.6,0,0,FLEX,SainSmart,6,230,230,50,50,30,0,1.1,,1.5,60,50,60,1,1,,,,no M572 in start_filament_gcode
SainSmart TPU @COREONE 0.8,0.8,0.8,0,0,FLEX,SainSmart,9,230,230,50,50,30,0,1.1,,1.5,60,50,60,1,1,,,,no M572 in start_filament_gcode
NinjaTek NinjaFlex TPU @COREONE,0.4,0.4,0,0,FLEX,NinjaTek,3,238,238,50,50,30,0,1.12,,3.5,60,40,50,1,1,,,,no M572 in start_filament_gcode
NinjaTek NinjaFlex TPU @COREONE 0.6,0.6,0.6,0,0,FLEX,NinjaTek,4,230,238,50,50,30,0,1.12,,3.5,60,40,50,1,1,,,,no M572 in start_filament_gcode
NinjaTek NinjaFlex TPU @COREONE 0.8,0.8,0.8,0,0,FLEX,NinjaTek,8,238,238,50,50,30,0,1.12,,3.5,60,40,50,1,1,,,,no M572 in start_filament_gcode
NinjaTek Cheetah TPU @COREONE,0.4,0.4,0,0,FLEX,NinjaTek,5,240,240,50,50,30,0,1.05,,2.2,60,40,50,1,1,,,,no M572 in start_filament_gcode
NinjaTek Cheetah TPU @COREONE 0.6,0.6,0.6,0,0,FLEX,NinjaTek,6.5,235,240,50,50,30,0,1.05,,2.2,60,40,50,1,1,,,,no M572 in start_filament_gcode
NinjaTek Cheetah TPU @COREONE 0.8,0.8,0.8,0,0,FLEX,NinjaTek,10,240,240,50,50,30,0,1.05,,2.2,60,40,50,1,1,,,,no M572 in start_filament_gcode
Filatech FilaFlexible40 @COREONE,0.4,0.4,0,0,FLEX,Filatech,4,230,230,50,50,30,0,1.1,,2.5,60,35,40,1,1,,,,no M572 in start_filament_gcode
Filatech FilaFlexible40 @COREONE 0.6,0.6,0.6,0,0,FLEX,Filatech,5,230,230,50,50,30,0,1.1,,2.5,60,35,40,1,1,,,,no M572 in start_filament_gcode
Filatech FilaFlexible40 @COREONE 0.8,0.8,0.8,0,0,FLEX,Filatech,10,230,230,50,50,30,0,1.1,,2.5,60,35,40,1,1,,,,no M572 in start_filament_gcode
Filatech FilaFlexible30 @COREONE,0.4,0.4,0,0,FLEX,Filatech,3.5,225,230,50,50,30,0,1.1,,3,60,35,40,1,1,,,,no M572 in start_filament_gcode
Filatech FilaFlexible30 @COREONE 0.6,0.6,0.6,0,0,FLEX,Filatech,5,225,230,50,50,30,0,1.1,,3,60,35,40,1,1,,,,no M572 in start_filament_gcode
Filatech FilaFlexible30 @COREONE 0.8,0.8,0.8,0,0,FLEX,Filatech,8,225,230,50,50,30,0,1.1,,3,60,35,40,1,1,,,,no M572 in start_filament_gcode
Filatech TPU @COREONE,0.4,0.4,0,0,FLEX,Filatech,4.5,235,235,50,50,30,0,1.1,,2.2,60,30,60,1,1,,,,no M572 in start_filament_gcode
Filatech TPU @COREONE 0.6,0.6,0.6,0,0,FLEX,Filatech,5,230,235,50,50,30,0,1.1,,2.2,60,35,60,1,1,,,,no M572 in start_filament_gcode
Filatech TPU @COREONE 0.8,0.8,0.8,0,0,FLEX,Filatech,8,235,235,50,50,30,0,1.1,,2.2,60,35,60,1,1,,,,no M572 in start_filament_gcode
Filatech ABS @COREONE,0.4,0.4,0,0,ABS,Filatech,15,255,255,110,110,55,40,0.95,,,,15,20,1,0,0.22%,0.02,conditional,S value templated on nozzle_diameter; resolved for this variant
Filatech ABS @COREONE 0.6,0.6,0.6,0,0,ABS,Filatech,15,255,255,110,110,55,40,0.95,,,,15,20,1,0,0.22%,0.012,conditional,S value templated on nozzle_diameter; resolved for this variant
Filatech ABS @COREONE 0.8,0.8,0.8,0,0,ABS,Filatech,18,255,255,110,110,55,40,0.95,,,,15,20,1,0,0.22%,0.01,conditional,S value templated on nozzle_diameter; resolved for this variant
Filatech ABS @COREONE HF0.4,HF0.4,0.4,1,0,ABS,Filatech,25,255,255,110,110,55,40,0.95,,,,15,20,1,0,0.22%,0.02,conditional,S value templated on nozzle_diameter; resolved for this variant
Filatech ABS @COREONE HF0.5,HF0.5,0.5,1,0,ABS,Filatech,27,255,255,110,110,55,40,0.95,,,,15,20,1,0,0.22%,0.018,conditional,S value templated on nozzle_diameter; resolved for this variant
Filatech ABS @COREONE HF0.6,HF0.6,0.6,1,0,ABS,Filatech,34,255,255,110,110,55,40,0.95,,,,15,20,1,0,0.22%,0.015,conditional,S value templated on nozzle_diameter; resolved for this variant
Filatech ABS @COREONE HF0.8,HF0.8,0.8,1,0,ABS,Filatech,36,255,255,110,110,55,40,0.95,,,,15,20,1,0,0.22%,0.01,conditional,S value templated on nozzle_diameter; resolved for this variant
Filatech FilaCarbon @COREONE,0.4,0.4,0,0,ABS,Filatech,15,255,255,100,100,55,40,0.95,1,,,15,20,1,0,0%,0.02,conditional,S value templated on nozzle_diameter; resolved for this variant
Filatech FilaCarbon @COREONE 0.6,0.6,0.6,0,0,ABS,Filatech,15,255,255,100,100,55,40,0.95,1,,,15,20,1,0,0%,0.012,conditional,S value templated on nozzle_diameter; resolved for this variant
Filatech FilaCarbon @COREONE 0.8,0.8,0.8,0,0,ABS,Filatech,18,255,255,100,100,55,40,0.95,1,,,15,20,1,0,0%,0.01,conditional,S value templated on nozzle_diameter; resolved for this variant
Filatech FilaPLA @COREONE,0.4,0.4,0,0,PLA,Filatech,15,230,235,55,50,20,0,1,,,,85,100,1,1,,0.036,conditional,S value templated on nozzle_diameter; resolved for this variant
Filatech FilaPLA @COREONE 0.6,0.6,0.6,0,0,PLA,Filatech,15.5,225,235,55,50,20,0,1,,,,85,100,1,1,,0.022,conditional,S value templated on nozzle_diameter; resolved for this variant
Filatech FilaPLA @COREONE 0.8,0.8,0.8,0,0,PLA,Filatech,19,230,235,55,50,20,0,1,,,,85,100,1,1,,0.014,conditional,S value templated on nozzle_diameter; resolved for this variant
Filatech FilaPLA @COREONE HF0.4,HF0.4,0.4,1,0,PLA,Filatech,21,230,235,55,50,20,0,1,,,,85,100,1,1,,0.036,conditional,S value templated on nozzle_diameter; resolved for this variant
Filatech FilaPLA @COREONE HF0.5,HF0.5,0.5,1,0,PLA,Filatech,24,230,235,55,50,20,0,1,,,,85,100,1,1,,0.026,conditional,S value templated on nozzle_diameter; resolved for this variant
Filatech FilaPLA @COREONE HF0.6,HF0.6,0.6,1,0,PLA,Filatech,28,225,235,55,50,20,0,1,,,,85,100,1,1,,0.022,conditional,S value templated on nozzle_diameter; resolved for this variant
Filatech FilaPLA @COREONE HF0.8,HF0.8,0.8,1,0,PLA,Filatech,35,230,235,55,50,20,0,1,,,,85,100,1,1,,0.015,conditional,S value templated on nozzle_diameter; resolved for this variant
Filatech PLA @COREONE,0.4,0.4,0,0,PLA,Filatech,15,220,230,60,60,20,0,1,,,,85,100,1,1,,0.036,conditional,S value templated on nozzle_diameter; resolved for this variant
Filatech PLA @COREONE 0.6,0.6,0.6,0,0,PLA,Filatech,15.5,220,230,60,60,20,0,1,,,,85,100,1,1,,0.022,conditional,S value templated on nozzle_diameter; resolved for this variant
Filatech PLA @COREONE 0.8,0.8,0.8,0,0,PLA,Filatech,19,220,230,60,60,20,0,1,,,,85,100,1,1,,0.014,conditional,S value templated on nozzle_diameter; resolved for this variant
Filatech PLA @COREONE HF0.4,HF0.4,0.4,1,0,PLA,Filatech,21,220,230,60,60,20,0,1,,,,85,100,1,1,,0.036,conditional,S value templated on nozzle_diameter; resolved for this variant
Filatech PLA @COREONE HF0.5,HF0.5,0.5,1,0,PLA,Filatech,24,220,230,60,60,20,0,1,,,,85,100,1,1,,0.026,conditional,S value templated on nozzle_diameter; resolved for this variant
Filatech PLA @COREONE HF0.6,HF0.6,0.6,1,0,PLA,Filatech,28,220,230,60,60,20,0,1,,,,85,100,1,1,,0.022,conditional,S value templated on nozzle_diameter; resolved for this variant
Filatech PLA @COREONE HF0.8,HF0.8,0.8,1,0,PLA,Filatech,35,220,230,60,60,20,0,1,,,,85,100,1,1,,0.015,conditional,S value templated on nozzle_diameter; resolved for this variant
Filatech PLA+ @COREONE,0.4,0.4,0,0,PLA,Filatech,15,220,230,60,60,20,0,1,,,,85,100,1,1,,0.036,conditional,S value templated on nozzle_diameter; resolved for this variant
Filatech PLA+ @COREONE 0.6,0.6,0.6,0,0,PLA,Filatech,15.5,220,230,60,60,20,0,1,,,,85,100,1,1,,0.022,conditional,S value templated on nozzle_diameter; resolved for this variant
Filatech PLA+ @COREONE 0.8,0.8,0.8,0,0,PLA,Filatech,19,220,230,60,60,20,0,1,,,,85,100,1,1,,0.014,conditional,S value templated on nozzle_diameter; resolved for this variant
Filatech PLA+ @COREONE HF0.4,HF0.4,0.4,1,0,PLA,Filatech,21,220,230,60,60,20,0,1,,,,85,100,1,1,,0.036,conditional,S value templated on nozzle_diameter; resolved for this variant
Filatech PLA+ @COREONE HF0.5,HF0.5,0.5,1,0,PLA,Filatech,24,220,230,60,60,20,0,1,,,,85,100,1,1,,0.026,conditional,S value templated on nozzle_diameter; resolved for this variant
Filatech PLA+ @COREONE HF0.6,HF0.6,0.6,1,0,PLA,Filatech,28,220,230,60,60,20,0,1,,,,85,100,1,1,,0.022,conditional,S value templated on nozzle_diameter; resolved for this variant
Filatech PLA+ @COREONE HF0.8,HF0.8,0.8,1,0,PLA,Filatech,35,220,230,60,60,20,0,1,,,,85,100,1,1,,0.015,conditional,S value templated on nozzle_diameter; resolved for this variant
Filatech FilaTough @COREONE,0.4,0.4,0,0,ABS,Filatech,15,240,245,90,80,55,40,0.95,,,,15,20,0,0,0.22%,0.02,conditional,S value templated on nozzle_diameter; resolved for this variant
Filatech FilaTough @COREONE 0.6,0.6,0.6,0,0,ABS,Filatech,15,235,245,90,80,55,40,0.95,,,,15,20,0,0,0.22%,0.012,conditional,S value templated on nozzle_diameter; resolved for this variant
Filatech FilaTough @COREONE 0.8,0.8,0.8,0,0,ABS,Filatech,18,240,245,90,80,55,40,0.95,,,,15,20,0,0,0.22%,0.01,conditional,S value templated on nozzle_diameter; resolved for this variant
Filatech FilaTough @COREONE HF0.4,HF0.4,0.4,1,0,ABS,Filatech,25,240,245,90,80,55,40,0.95,,,,15,20,0,0,0.22%,0.02,conditional,S value templated on nozzle_diameter; resolved for this variant
Filatech FilaTough @COREONE HF0.5,HF0.5,0.5,1,0,ABS,Filatech,27,240,245,90,80,55,40,0.95,,,,15,20,0,0,0.22%,0.018,conditional,S value templated on nozzle_diameter; resolved for this variant
Filatech FilaTough @COREONE HF0.6,HF0.6,0.6,1,0,ABS,Filatech,34,235,245,90,80,55,40,0.95,,,,15,20,0,0,0.22%,0.015,conditional,S value templated on nozzle_diameter; resolved for this variant
Filatech FilaTough @COREONE HF0.8,HF0.8,0.8,1,0,ABS,Filatech,36,240,245,90,80,55,40,0.95,,,,15,20,0,0,0.22%,0.01,conditional,S value templated on nozzle_diameter; resolved for this variant
Filatech HIPS @COREONE,0.4,0.4,0,0,HIPS,Filatech,15,225,220,110,105,55,40,1,,,,15,20,1,1,0.22%,0.02,conditional,S value templated on nozzle_diameter; resolved for this variant
Filatech HIPS @COREONE 0.6,0.6,0.6,0,0,HIPS,Filatech,15,225,220,110,105,55,40,1,,,,15,20,1,1,0.22%,0.012,conditional,S value templated on nozzle_diameter; resolved for this variant
Filatech HIPS @COREONE 0.8,0.8,0.8,0,0,HIPS,Filatech,18,225,220,110,105,55,40,1,,,,15,20,1,1,0.22%,0.01,conditional,S value templated on nozzle_diameter; resolved for this variant
Filatech HIPS @COREONE HF0.4,HF0.4,0.4,1,0,HIPS,Filatech,25,225,220,110,105,55,40,1,,,,15,20,1,1,0.22%,0.02,conditional,S value templated on nozzle_diameter; resolved for this variant
Filatech HIPS @COREONE HF0.5,HF0.5,0.5,1,0,HIPS,Filatech,27,225,220,110,105,55,40,1,,,,15,20,1,1,0.22%,0.018,conditional,S value templated on nozzle_diameter; resolved for this variant
Filatech HIPS @COREONE HF0.6,HF0.6,0.6,1,0,HIPS,Filatech,34,225,220,110,105,55,40,1,,,,15,20,1,1,0.22%,0.015,conditional,S value templated on nozzle_diameter; resolved for this variant
Filatech HIPS @COREONE HF0.8,HF0.8,0.8,1,0,HIPS,Filatech,36,225,220,110,105,55,40,1,,,,15,20,1,1,0.22%,0.01,conditional,S value templated on nozzle_diameter; resolved for this variant
Filatech PA @COREONE,0.4,0.4,0,0,PA,Filatech,8,275,275,115,110,55,40,1,,,,15,15,0,0,0.28%,0.05,conditional,S value templated on nozzle_diameter; resolved for this variant
Filatech PA @COREONE 0.6,0.6,0.6,0,0,PA,Filatech,10,275,275,115,110,55,40,1,,,,15,15,0,0,0.28%,0.025,conditional,S value templated on nozzle_diameter; resolved for this variant
Filatech PA @COREONE 0.8,0.8,0.8,0,0,PA,Filatech,12,275,275,115,110,55,40,1,,,,15,15,0,0,0.28%,0.016,conditional,S value templated on nozzle_diameter; resolved for this variant
Filatech PC @COREONE,0.4,0.4,0,0,PC,Filatech,8,275,275,115,110,55,40,1,,,,12,12,0,0,0.18%,0.05,conditional,S value templated on nozzle_diameter; resolved for this variant
Filatech PC @COREONE 0.6,0.6,0.6,0,0,PC,Filatech,14,275,275,115,110,55,40,1,,,,15,15,0,0,0.18%,0.025,conditional,S value templated on nozzle_diameter; resolved for this variant
Filatech PC @COREONE 0.8,0.8,0.8,0,0,PC,Filatech,18,275,275,115,110,55,40,1,,,,15,15,0,0,0.18%,0.016,conditional,S value templated on nozzle_diameter; resolved for this variant
Filatech PC @COREONE HF0.4,HF0.4,0.4,1,0,PC,Filatech,22,275,275,115,110,55,40,1,,,,12,12,0,0,0.18%,0.05,conditional,S value templated on nozzle_diameter; resolved for this variant
Filatech PC @COREONE HF0.5,HF0.5,0.5,1,0,PC,Filatech,24,275,275,115,110,55,40,1,,,,12,12,0,0,0.18%,0.035,conditional,S value templated on nozzle_diameter; resolved for this variant
Filatech PC @COREONE HF0.6,HF0.6,0.6,1,0,PC,Filatech,28,275,275,115,110,55,40,1,,,,15,15,0,0,0.18%,0.025,conditional,S value templated on nozzle_diameter; resolved for this variant
Filatech PC @COREONE HF0.8,HF0.8,0.8,1,0,PC,Filatech,36,275,275,115,110,55,40,1,,,,15,15,0,0,0.18%,0.016,conditional,S value templated on nozzle_diameter; resolved for this variant
Filatech PC-ABS @COREONE,0.4,0.4,0,0,PC,Filatech,8,270,270,115,110,55,40,0.95,,,,12,12,1,0,0.18%,0.05,conditional,S value templated on nozzle_diameter; resolved for this variant
Filatech PC-ABS @COREONE 0.6,0.6,0.6,0,0,PC,Filatech,14,270,270,115,110,55,40,0.95,,,,15,15,1,0,0.18%,0.025,conditional,S value templated on nozzle_diameter; resolved for this variant
Filatech PC-ABS @COREONE 0.8,0.8,0.8,0,0,PC,Filatech,18,270,270,115,110,55,40,0.95,,,,15,15,1,0,0.18%,0.016,conditional,S value templated on nozzle_diameter; resolved for this variant
Filatech PC-ABS @COREONE HF0.4,HF0.4,0.4,1,0,PC,Filatech,22,270,270,115,110,55,40,0.95,,,,12,12,1,0,0.18%,0.05,conditional,S value templated on nozzle_diameter; resolved for this variant
Filatech PC-ABS @COREONE HF0.5,HF0.5,0.5,1,0,PC,Filatech,24,270,270,115,110,55,40,0.95,,,,12,12,1,0,0.18%,0.035,conditional,S value templated on nozzle_diameter; resolved for this variant
Filatech PC-ABS @COREONE HF0.6,HF0.6,0.6,1,0,PC,Filatech,28,270,270,115,110,55,40,0.95,,,,15,15,1,0,0.18%,0.025,conditional,S value templated on nozzle_diameter; resolved for this variant
Filatech PC-ABS @COREONE HF0.8,HF0.8,0.8,1,0,PC,Filatech,36,270,270,115,110,55,40,0.95,,,,15,15,1,0,0.18%,0.016,conditional,S value templated on nozzle_diameter; resolved for this variant
Filatech PETG @COREONE,0.4,0.4,0,0,PETG,Filatech,12,240,240,80,75,35,0,1,,0.8,,30,60,1,0,,0.053,conditional,S value templated on nozzle_diameter; resolved for this variant
Filatech PETG @COREONE 0.6,0.6,0.6,0,0,PETG,Filatech,17,240,240,80,75,35,0,1,,0.8,,30,60,1,0,,0.032,conditional,S value templated on nozzle_diameter; resolved for this variant
Filatech PETG @COREONE 0.8,0.8,0.8,0,0,PETG,Filatech,22,240,240,80,75,35,0,1,,0.8,,30,65,1,0,,0.018,conditional,S value templated on nozzle_diameter; resolved for this variant
Filatech PETG @COREONE HF0.4,HF0.4,0.4,1,0,PETG,Filatech,22,240,240,80,75,35,0,1,,0.8,,30,60,1,0,,0.047,conditional,S value templated on nozzle_diameter; resolved for this variant
Filatech PETG @COREONE HF0.5,HF0.5,0.5,1,0,PETG,Filatech,24,240,240,80,75,35,0,1,,0.8,,30,60,1,0,,0.042,conditional,S value templated on nozzle_diameter; resolved for this variant
Filatech PETG @COREONE HF0.6,HF0.6,0.6,1,0,PETG,Filatech,30,240,240,80,75,35,0,1,,0.8,,30,60,1,0,,0.033,conditional,S value templated on nozzle_diameter; resolved for this variant
Filatech PETG @COREONE HF0.8,HF0.8,0.8,1,0,PETG,Filatech,36,240,240,80,75,35,0,1,,0.8,,30,65,1,0,,0.021,conditional,S value templated on nozzle_diameter; resolved for this variant
Filatech Wood-PLA @COREONE,0.4,0.4,0,0,PLA,Filatech,15,210,210,60,60,20,0,1,,,,85,100,1,1,,0.036,conditional,S value templated on nozzle_diameter; resolved for this variant
Filatech Wood-PLA @COREONE 0.6,0.6,0.6,0,0,PLA,Filatech,15.5,210,210,60,60,20,0,1,,,,85,100,1,1,,0.022,conditional,S value templated on nozzle_diameter; resolved for this variant
Filatech Wood-PLA @COREONE 0.8,0.8,0.8,0,0,PLA,Filatech,19,210,210,60,60,20,0,1,,,,85,100,1,1,,0.014,conditional,S value templated on nozzle_diameter; resolved for this variant
Ultrafuse PET @COREONE,0.4,0.4,0,0,PET,Forward AM,12,215,220,70,70,35,0,1,,0.8,40,55,75,1,1,,0.053,conditional,S value templated on nozzle_diameter; resolved for this variant
Ultrafuse PET @COREONE 0.6,0.6,0.6,0,0,PET,Forward AM,17,215,220,70,70,35,0,1,,0.8,40,55,75,1,1,,0.032,conditional,S value templated on nozzle_diameter; resolved for this variant
Ultrafuse PET @COREONE 0.8,0.8,0.8,0,0,PET,Forward AM,22,215,220,70,70,35,0,1,,0.8,40,55,75,1,1,,0.018,conditional,S value templated on nozzle_diameter; resolved for this variant
Ultrafuse PET @COREONE HF0.4,HF0.4,0.4,1,0,PET,Forward AM,22,215,220,70,70,35,0,1,,0.8,40,55,75,1,1,,0.047,conditional,S value templated on nozzle_diameter; resolved for this variant
Ultrafuse PET @COREONE HF0.5,HF0.5,0.5,1,0,PET,Forward AM,24,215,220,70,70,35,0,1,,0.8,40,55,75,1,1,,0.042,conditional,S value templated on nozzle_diameter; resolved for this variant
Ultrafuse PET @COREONE HF0.6,HF0.6,0.6,1,0,PET,Forward AM,30,215,220,70,70,35,0,1,,0.8,40,55,75,1,1,,0.033,conditional,S value templated on nozzle_diameter; resolved for this variant
Ultrafuse PET @COREONE HF0.8,HF0.8,0.8,1,0,PET,Forward AM,36,215,220,70,70,35,0,1,,0.8,40,55,75,1,1,,0.021,conditional,S value templated on nozzle_diameter; resolved for this variant
Ultrafuse PRO1 @COREONE,0.4,0.4,0,0,PLA,Forward AM,15,220,230,60,60,20,0,1,,2,40,85,100,1,1,,0.036,conditional,S value templated on nozzle_diameter; resolved for this variant
Ultrafuse PRO1 @COREONE 0.6,0.6,0.6,0,0,PLA,Forward AM,15.5,220,230,60,60,20,0,1,,2,40,85,100,1,1,,0.022,conditional,S value templated on nozzle_diameter; resolved for this variant
Ultrafuse PRO1 @COREONE 0.8,0.8,0.8,0,0,PLA,Forward AM,19,220,230,60,60,20,0,1,,2,40,85,100,1,1,,0.014,conditional,S value templated on nozzle_diameter; resolved for this variant
Ultrafuse PRO1 @COREONE HF0.4,HF0.4,0.4,1,0,PLA,Forward AM,21,225,230,60,60,20,0,1,,2,40,85,100,1,1,,0.036,conditional,S value templated on nozzle_diameter; resolved for this variant
Ultrafuse PRO1 @COREONE HF0.5,HF0.5,0.5,1,0,PLA,Forward AM,24,225,230,60,60,20,0,1,,2,40,85,100,1,1,,0.026,conditional,S value templated on nozzle_diameter; resolved for this variant
Ultrafuse PRO1 @COREONE HF0.6,HF0.6,0.6,1,0,PLA,Forward AM,28,225,230,60,60,20,0,1,,2,40,85,100,1,1,,0.022,conditional,S value templated on nozzle_diameter; resolved for this variant
Ultrafuse PRO1 @COREONE HF0.8,HF0.8,0.8,1,0,PLA,Forward AM,35,225,230,60,60,20,0,1,,2,40,85,100,1,1,,0.015,conditional,S value templated on nozzle_diameter; resolved for this variant
Ultrafuse ABS @COREONE,0.4,0.4,0,0,ABS,Forward AM,15,255,255,100,100,55,40,1,,,,15,20,1,0,0.22%,0.02,conditional,S value templated on nozzle_diameter; resolved for this variant
Ultrafuse ABS @COREONE 0.6,0.6,0.6,0,0,ABS,Forward AM,15,255,255,100,100,55,40,1,,,,15,20,1,0,0.22%,0.012,conditional,S value templated on nozzle_diameter; resolved for this variant
Ultrafuse ABS @COREONE 0.8,0.8,0.8,0,0,ABS,Forward AM,18,255,255,100,100,55,40,1,,,,15,20,1,0,0.22%,0.01,conditional,S value templated on nozzle_diameter; resolved for this variant
Ultrafuse ABS @COREONE HF0.4,HF0.4,0.4,1,0,ABS,Forward AM,25,255,255,100,100,55,40,1,,,,15,20,1,0,0.22%,0.02,conditional,S value templated on nozzle_diameter; resolved for this variant
Ultrafuse ABS @COREONE HF0.5,HF0.5,0.5,1,0,ABS,Forward AM,27,255,255,100,100,55,40,1,,,,15,20,1,0,0.22%,0.018,conditional,S value templated on nozzle_diameter; resolved for this variant
Ultrafuse ABS @COREONE HF0.6,HF0.6,0.6,1,0,ABS,Forward AM,34,255,255,100,100,55,40,1,,,,15,20,1,0,0.22%,0.015,conditional,S value templated on nozzle_diameter; resolved for this variant
Ultrafuse ABS @COREONE HF0.8,HF0.8,0.8,1,0,ABS,Forward AM,36,255,255,100,100,55,40,1,,,,15,20,1,0,0.22%,0.01,conditional,S value templated on nozzle_diameter; resolved for this variant
Ultrafuse ABS Fusion+ @COREONE,0.4,0.4,0,0,ABS,Forward AM,15,270,270,100,105,55,40,1,,,,15,20,1,0,0.22%,0.02,conditional,S value templated on nozzle_diameter; resolved for this variant
Ultrafuse ABS Fusion+ @COREONE 0.6,0.6,0.6,0,0,ABS,Forward AM,15,270,270,100,105,55,40,1,,,,15,20,1,0,0.22%,0.012,conditional,S value templated on nozzle_diameter; resolved for this variant
Ultrafuse ABS Fusion+ @COREONE 0.8,0.8,0.8,0,0,ABS,Forward AM,18,270,270,100,105,55,40,1,,,,15,20,1,0,0.22%,0.01,conditional,S value templated on nozzle_diameter; resolved for this variant
Ultrafuse ABS Fusion+ @COREONE HF0.4,HF0.4,0.4,1,0,ABS,Forward AM,25,270,270,100,105,55,40,1,,,,15,20,1,0,0.22%,0.02,conditional,S value templated on nozzle_diameter; resolved for this variant
Ultrafuse ABS Fusion+ @COREONE HF0.5,HF0.5,0.5,1,0,ABS,Forward AM,27,270,270,100,105,55,40,1,,,,15,20,1,0,0.22%,0.018,conditional,S value templated on nozzle_diameter; resolved for this variant
Ultrafuse ABS Fusion+ @COREONE HF0.6,HF0.6,0.6,1,0,ABS,Forward AM,34,270,270,100,105,55,40,1,,,,15,20,1,0,0.22%,0.015,conditional,S value templated on nozzle_diameter; resolved for this variant
Ultrafuse ABS Fusion+ @COREONE HF0.8,HF0.8,0.8,1,0,ABS,Forward AM,36,270,270,100,105,55,40,1,,,,15,20,1,0,0.22%,0.01,conditional,S value templated on nozzle_diameter; resolved for this variant
Ultrafuse ASA @COREONE,0.4,0.4,0,0,ASA,Forward AM,5,270,270,110,110,55,40,0.98,,,,15,30,1,0,0.22%,0.02,conditional,S value templated on nozzle_diameter; resolved for this variant
Ultrafuse ASA @COREONE 0.6,0.6,0.6,0,0,ASA,Forward AM,9,265,270,110,110,55,40,0.98,,,,15,30,1,0,0.22%,0.012,conditional,S value templated on nozzle_diameter; resolved for this variant
Ultrafuse ASA @COREONE 0.8,0.8,0.8,0,0,ASA,Forward AM,12,270,270,110,110,55,40,0.98,,,,15,30,1,0,0.22%,0.01,conditional,S value templated on nozzle_diameter; resolved for this variant
Ultrafuse ASA @COREONE HF0.4,HF0.4,0.4,1,0,ASA,Forward AM,10,270,270,110,110,55,40,0.98,,,,15,30,1,0,0.22%,0.02,conditional,S value templated on nozzle_diameter; resolved for this variant
Ultrafuse ASA @COREONE HF0.5,HF0.5,0.5,1,0,ASA,Forward AM,13,270,270,110,110,55,40,0.98,,,,15,30,1,0,0.22%,0.018,conditional,S value templated on nozzle_diameter; resolved for this variant
Ultrafuse ASA @COREONE HF0.6,HF0.6,0.6,1,0,ASA,Forward AM,15,265,270,110,110,55,40,0.98,,,,15,30,1,0,0.22%,0.015,conditional,S value templated on nozzle_diameter; resolved for this variant
Ultrafuse ASA @COREONE HF0.8,HF0.8,0.8,1,0,ASA,Forward AM,20,270,270,110,110,55,40,0.98,,,,15,30,1,0,0.22%,0.01,conditional,S value templated on nozzle_diameter; resolved for this variant
Ultrafuse HIPS @COREONE,0.4,0.4,0,0,HIPS,Forward AM,15,250,255,100,100,55,40,1,,,,15,20,1,0,0.22%,0.02,conditional,S value templated on nozzle_diameter; resolved for this variant
Ultrafuse HIPS @COREONE 0.6,0.6,0.6,0,0,HIPS,Forward AM,15,240,255,100,100,55,40,1,,,,15,20,1,0,0.22%,0.012,conditional,S value templated on nozzle_diameter; resolved for this variant
Ultrafuse HIPS @COREONE 0.8,0.8,0.8,0,0,HIPS,Forward AM,18,250,255,100,100,55,40,1,,,,15,20,1,0,0.22%,0.01,conditional,S value templated on nozzle_diameter; resolved for this variant
Ultrafuse HIPS @COREONE HF0.4,HF0.4,0.4,1,0,HIPS,Forward AM,25,250,255,100,100,55,40,1,,,,15,20,1,0,0.22%,0.02,conditional,S value templated on nozzle_diameter; resolved for this variant
Ultrafuse HIPS @COREONE HF0.5,HF0.5,0.5,1,0,HIPS,Forward AM,27,250,255,100,100,55,40,1,,,,15,20,1,0,0.22%,0.018,conditional,S value templated on nozzle_diameter; resolved for this variant
Ultrafuse HIPS @COREONE HF0.6,HF0.6,0.6,1,0,HIPS,Forward AM,34,240,255,100,100,55,40,1,,,,15,20,1,0,0.22%,0.015,conditional,S value templated on nozzle_diameter; resolved for this variant
Ultrafuse HIPS @COREONE HF0.8,HF0.8,0.8,1,0,HIPS,Forward AM,36,250,255,100,100,55,40,1,,,,15,20,1,0,0.22%,0.01,conditional,S value templated on nozzle_diameter; resolved for this variant
Ultrafuse PA @COREONE,0.4,0.4,0,0,PA,Forward AM,8,240,240,70,80,55,40,1,,1,,0,0,1,0,0.28%,0.05,conditional,S value templated on nozzle_diameter; resolved for this variant
Ultrafuse PA @COREONE 0.6,0.6,0.6,0,0,PA,Forward AM,10,240,240,70,80,55,40,1,,1,,0,0,1,0,0.28%,0.025,conditional,S value templated on nozzle_diameter; resolved for this variant
Ultrafuse PA @COREONE 0.8,0.8,0.8,0,0,PA,Forward AM,12,240,240,70,80,55,40,1,,1,,0,0,1,0,0.28%,0.016,conditional,S value templated on nozzle_diameter; resolved for this variant
Ultrafuse PA6 GF30 @COREONE 0.6,0.6,0.6,0,0,PA,Forward AM,10,270,270,100,100,55,40,1,,1.2,40,15,15,1,1,0.28%,0.025,conditional,S value templated on nozzle_diameter; resolved for this variant
Ultrafuse PA6 GF30 @COREONE 0.8,0.8,0.8,0,0,PA,Forward AM,14,275,275,100,100,55,40,1,,1.2,40,15,15,1,1,0.28%,0.016,conditional,S value templated on nozzle_diameter; resolved for this variant
Ultrafuse PAHT-CF15 @COREONE 0.6,0.6,0.6,0,0,PA,Forward AM,7,270,270,100,100,55,40,1,,1.2,40,15,15,1,1,0.28%,0.025,conditional,S value templated on nozzle_diameter; resolved for this variant
Ultrafuse PAHT-CF15 @COREONE 0.8,0.8,0.8,0,0,PA,Forward AM,10,270,270,100,100,55,40,1,,1.2,40,15,15,1,1,0.28%,0.016,conditional,S value templated on nozzle_diameter; resolved for this variant
Ultrafuse PC-ABS-FR @COREONE,0.4,0.4,0,0,PC,Forward AM,8,275,275,105,110,55,40,1,,,,15,15,1,0,0%,0.02,conditional,S value templated on nozzle_diameter; resolved for this variant
Ultrafuse PC-ABS-FR @COREONE 0.6,0.6,0.6,0,0,PC,Forward AM,10,275,275,105,110,55,40,1,,,,15,15,1,0,0%,0.012,conditional,S value templated on nozzle_diameter; resolved for this variant
Ultrafuse PC-ABS-FR @COREONE 0.8,0.8,0.8,0,0,PC,Forward AM,12,275,275,105,110,55,40,1,,,,15,15,1,0,0%,0.01,conditional,S value templated on nozzle_diameter; resolved for this variant
Ultrafuse PET-CF15 @COREONE 0.6,0.6,0.6,0,0,PET,Forward AM,10,265,270,75,75,35,0,1,1,0.8,40,45,70,1,1,,0.032,conditional,S value templated on nozzle_diameter; resolved for this variant
Ultrafuse PET-CF15 @COREONE 0.8,0.8,0.8,0,0,PET,Forward AM,13,270,270,75,75,35,0,1,1,0.8,40,45,70,1,1,,0.018,conditional,S value templated on nozzle_diameter; resolved for this variant
Ultrafuse PLA @COREONE,0.4,0.4,0,0,PLA,Forward AM,15,220,230,60,60,20,0,1,,,,85,100,1,1,,0.036,conditional,S value templated on nozzle_diameter; resolved for this variant
Ultrafuse PLA @COREONE 0.6,0.6,0.6,0,0,PLA,Forward AM,15.5,220,230,60,60,20,0,1,,,,85,100,1,1,,0.022,conditional,S value templated on nozzle_diameter; resolved for this variant
Ultrafuse PLA @COREONE 0.8,0.8,0.8,0,0,PLA,Forward AM,19,220,230,60,60,20,0,1,,,,85,100,1,1,,0.014,conditional,S value templated on nozzle_diameter; resolved for this variant
Ultrafuse PLA @COREONE HF0.4,HF0.4,0.4,1,0,PLA,Forward AM,21,220,230,60,60,20,0,1,,,,85,100,1,1,,0.036,conditional,S value templated on nozzle_diameter; resolved for this variant
Ultrafuse PLA @COREONE HF0.5,HF0.5,0.5,1,0,PLA,Forward AM,24,220,230,60,60,20,0,1,,,,85,100,1,1,,0.026,conditional,S value templated on nozzle_diameter; resolved for this variant
Ultrafuse PLA @COREONE HF0.6,HF0.6,0.6,1,0,PLA,Forward AM,28,220,230,60,60,20,0,1,,,,85,100,1,1,,0.022,conditional,S value templated on nozzle_diameter; resolved for this variant
Ultrafuse PLA @COREONE HF0.8,HF0.8,0.8,1,0,PLA,Forward AM,35,220,230,60,60,20,0,1,,,,85,100,1,1,,0.015,conditional,S value templated on nozzle_diameter; resolved for this variant
Ultrafuse PP @COREONE,0.4,0.4,0,0,PP,Forward AM,2.5,240,240,70,80,0,0,1,,,60,100,100,1,0,0%,,,no M572 in start_filament_gcode
Ultrafuse PP @COREONE 0.6,0.6,0.6,0,0,PP,Forward AM,4,240,240,70,80,0,0,1,,,60,100,100,1,0,0%,,,no M572 in start_filament_gcode
Ultrafuse PP @COREONE 0.8,0.8,0.8,0,0,PP,Forward AM,6,240,240,70,80,0,0,1,,,60,100,100,1,0,0%,,,no M572 in start_filament_gcode
Ultrafuse PP-GF30 @COREONE 0.6,0.6,0.6,0,0,PP,Forward AM,4,240,240,70,80,0,0,1,,,60,100,100,1,0,0%,,,no M572 in start_filament_gcode
Ultrafuse PP-GF30 @COREONE 0.8,0.8,0.8,0,0,PP,Forward AM,6,240,240,70,80,0,0,1,,,60,100,100,1,0,0%,,,no M572 in start_filament_gcode
Ultrafuse TPU-64D @COREONE,0.4,0.4,0,0,FLEX,Forward AM,3,225,230,40,40,30,0,1,,3,60,20,80,1,1,,,,no M572 in start_filament_gcode
Ultrafuse TPU-64D @COREONE 0.6,0.6,0.6,0,0,FLEX,Forward AM,5,225,230,40,40,30,0,1,,3,60,20,80,1,1,,,,no M572 in start_filament_gcode
Ultrafuse TPU-64D @COREONE 0.8,0.8,0.8,0,0,FLEX,Forward AM,8,225,230,40,40,30,0,1,,3,60,20,80,1,1,,,,no M572 in start_filament_gcode
Ultrafuse TPU-85A @COREONE,0.4,0.4,0,0,FLEX,Forward AM,3,215,220,40,40,30,0,1.1,,3.5,60,20,75,1,1,,,,no M572 in start_filament_gcode
Ultrafuse TPU-85A @COREONE 0.6,0.6,0.6,0,0,FLEX,Forward AM,4,215,220,40,40,30,0,1.1,,3.5,60,20,75,1,1,,,,no M572 in start_filament_gcode
Ultrafuse TPU-85A @COREONE 0.8,0.8,0.8,0,0,FLEX,Forward AM,7,215,220,40,40,30,0,1.1,,3.5,60,20,75,1,1,,,,no M572 in start_filament_gcode
Ultrafuse TPU-95A @COREONE,0.4,0.4,0,0,FLEX,Forward AM,2.5,225,230,40,40,30,0,1,,3,60,20,75,1,1,,,,no M572 in start_filament_gcode
Ultrafuse TPU-95A @COREONE 0.6,0.6,0.6,0,0,FLEX,Forward AM,2.5,225,230,40,40,30,0,1,,3,60,20,75,1,1,,,,no M572 in start_filament_gcode
Ultrafuse TPU-95A @COREONE 0.8,0.8,0.8,0,0,FLEX,Forward AM,5,225,230,40,40,30,0,1,,3,60,20,75,1,1,,,,no M572 in start_filament_gcode
Ultrafuse rPET @COREONE,0.4,0.4,0,0,PET,Forward AM,8,235,235,75,80,35,0,1,,0.8,40,40,75,1,1,,0.053,conditional,S value templated on nozzle_diameter; resolved for this variant
Ultrafuse rPET @COREONE 0.6,0.6,0.6,0,0,PET,Forward AM,16,230,235,75,80,35,0,1,,0.8,40,40,75,1,1,,0.032,conditional,S value templated on nozzle_diameter; resolved for this variant
Ultrafuse rPET @COREONE 0.8,0.8,0.8,0,0,PET,Forward AM,18,235,235,75,80,35,0,1,,0.8,40,40,75,1,1,,0.018,conditional,S value templated on nozzle_diameter; resolved for this variant
Ultrafuse rPET @COREONE HF0.4,HF0.4,0.4,1,0,PET,Forward AM,22,235,235,75,80,35,0,1,,0.8,40,40,75,1,1,,0.047,conditional,S value templated on nozzle_diameter; resolved for this variant
Ultrafuse rPET @COREONE HF0.5,HF0.5,0.5,1,0,PET,Forward AM,24,235,235,75,80,35,0,1,,0.8,40,40,75,1,1,,0.042,conditional,S value templated on nozzle_diameter; resolved for this variant
Ultrafuse rPET @COREONE HF0.6,HF0.6,0.6,1,0,PET,Forward AM,30,230,235,75,80,35,0,1,,0.8,40,40,75,1,1,,0.033,conditional,S value templated on nozzle_diameter; resolved for this variant
Ultrafuse rPET @COREONE HF0.8,HF0.8,0.8,1,0,PET,Forward AM,36,235,235,75,80,35,0,1,,0.8,40,40,75,1,1,,0.021,conditional,S value templated on nozzle_diameter; resolved for this variant
Ultrafuse Metal @COREONE,0.4,0.4,0,0,METAL,Forward AM,4,250,250,100,100,55,40,1.08,1,,,0,0,0,0,0%,0,,
Ultrafuse Metal @COREONE 0.6,0.6,0.6,0,0,METAL,Forward AM,4,250,250,100,100,55,40,1.08,1,,,0,0,0,0,0%,0,,
igus® iglidur® i150 @COREONE,0.4,0.4,0,0,IGLIDUR,igus,12,230,230,80,80,35,0,0.99,,0.8,,25,65,1,1,,0.053,conditional,S value templated on nozzle_diameter; resolved for this variant
igus® iglidur® i150 @COREONE 0.6,0.6,0.6,0,0,IGLIDUR,igus,17,230,230,80,80,35,0,0.99,,0.8,,25,65,1,1,,0.032,conditional,S value templated on nozzle_diameter; resolved for this variant
igus® iglidur® i150 @COREONE 0.8,0.8,0.8,0,0,IGLIDUR,igus,22,230,230,80,80,35,0,0.99,,0.8,,30,65,1,1,,0.018,conditional,S value templated on nozzle_diameter; resolved for this variant
igus® iglidur® i190 @COREONE,0.4,0.4,0,0,IGLIDUR,igus,12,270,270,80,80,35,0,0.98,,0.8,,10,10,1,1,,0.05,conditional,S value templated on nozzle_diameter; resolved for this variant
igus® iglidur® i190 @COREONE 0.6,0.6,0.6,0,0,IGLIDUR,igus,17,270,270,80,80,35,0,0.98,,0.8,,10,10,1,1,,0.025,conditional,S value templated on nozzle_diameter; resolved for this variant
igus® iglidur® i190 @COREONE 0.8,0.8,0.8,0,0,IGLIDUR,igus,22,270,270,80,80,35,0,0.98,,0.8,,10,10,1,1,,0.016,conditional,S value templated on nozzle_diameter; resolved for this variant
Polymaker PC-Max @COREONE,0.4,0.4,0,0,PC,Polymaker,8,270,270,115,110,55,40,1,,,,12,12,0,0,0.18%,0.05,conditional,S value templated on nozzle_diameter; resolved for this variant
Polymaker PC-Max @COREONE 0.6,0.6,0.6,0,0,PC,Polymaker,12,270,270,115,110,55,40,1,,,,15,15,0,0,0.18%,0.025,conditional,S value templated on nozzle_diameter; resolved for this variant
Polymaker PC-Max @COREONE 0.8,0.8,0.8,0,0,PC,Polymaker,15,270,270,115,110,55,40,1,,,,15,15,0,0,0.18%,0.016,conditional,S value templated on nozzle_diameter; resolved for this variant
PrimaSelect PVA+ @COREONE,0.4,0.4,0,0,PVA,PrimaSelect,4,200,210,60,60,0,0,1,,,,85,100,0,0,,0.036,conditional,S value templated on nozzle_diameter; resolved for this variant
PrimaSelect PVA+ @COREONE 0.6,0.6,0.6,0,0,PVA,PrimaSelect,5,200,210,60,60,0,0,1,,,,85,100,0,0,,0.022,conditional,S value templated on nozzle_diameter; resolved for this variant
PrimaSelect PVA+ @COREONE 0.8,0.8,0.8,0,0,PVA,PrimaSelect,8,210,210,60,60,0,0,1,,,,85,100,0,0,,0.014,conditional,S value templated on nozzle_diameter; resolved for this variant
Prusa ABS @COREONE,0.4,0.4,0,0,ABS,Made for Prusa,15,255,255,110,110,55,40,1,,,,15,20,1,0,0.22%,0.02,conditional,S value templated on nozzle_diameter; resolved for this variant
Prusa ABS @COREONE 0.6,0.6,0.6,0,0,ABS,Made for Prusa,15,255,255,110,110,55,40,1,,,,15,20,1,0,0.22%,0.012,conditional,S value templated on nozzle_diameter; resolved for this variant
Prusa ABS @COREONE 0.8,0.8,0.8,0,0,ABS,Made for Prusa,18,260,260,110,110,55,40,1,,,,15,20,1,0,0.22%,0.01,conditional,S value templated on nozzle_diameter; resolved for this variant
Prusa ABS @COREONE HF0.4,HF0.4,0.4,1,0,ABS,Made for Prusa,25,255,255,110,110,55,40,1,,,,15,20,1,0,0.22%,0.02,conditional,S value templated on nozzle_diameter; resolved for this variant
Prusa ABS @COREONE HF0.5,HF0.5,0.5,1,0,ABS,Made for Prusa,27,255,255,110,110,55,40,1,,,,15,20,1,0,0.22%,0.018,conditional,S value templated on nozzle_diameter; resolved for this variant
Prusa ABS @COREONE HF0.6,HF0.6,0.6,1,0,ABS,Made for Prusa,34,255,255,110,110,55,40,1,,,,15,20,1,0,0.22%,0.015,conditional,S value templated on nozzle_diameter; resolved for this variant
Prusa ABS @COREONE HF0.8,HF0.8,0.8,1,0,ABS,Made for Prusa,36,260,260,110,110,55,40,1,,,,15,20,1,0,0.22%,0.01,conditional,S value templated on nozzle_diameter; resolved for this variant
Generic HIPS @COREONE,0.4,0.4,0,0,HIPS,Generic,15,230,230,110,110,55,40,1,,,,15,20,1,1,0.22%,0.02,conditional,S value templated on nozzle_diameter; resolved for this variant
Generic HIPS @COREONE 0.6,0.6,0.6,0,0,HIPS,Generic,15,230,230,110,110,55,40,1,,,,15,20,1,1,0.22%,0.012,conditional,S value templated on nozzle_diameter; resolved for this variant
Generic HIPS @COREONE 0.8,0.8,0.8,0,0,HIPS,Generic,18,230,230,110,110,55,40,1,,,,15,20,1,1,0.22%,0.01,conditional,S value templated on nozzle_diameter; resolved for this variant
Generic HIPS @COREONE HF0.4,HF0.4,0.4,1,0,HIPS,Generic,25,230,230,110,110,55,40,1,,,,15,20,1,1,0.22%,0.02,conditional,S value templated on nozzle_diameter; resolved for this variant
Generic HIPS @COREONE HF0.5,HF0.5,0.5,1,0,HIPS,Generic,27,230,230,110,110,55,40,1,,,,15,20,1,1,0.22%,0.018,conditional,S value templated on nozzle_diameter; resolved for this variant
Generic HIPS @COREONE HF0.6,HF0.6,0.6,1,0,HIPS,Generic,34,230,230,110,110,55,40,1,,,,15,20,1,1,0.22%,0.015,conditional,S value templated on nozzle_diameter; resolved for this variant
Generic HIPS @COREONE HF0.8,HF0.8,0.8,1,0,HIPS,Generic,36,230,230,110,110,55,40,1,,,,15,20,1,1,0.22%,0.01,conditional,S value templated on nozzle_diameter; resolved for this variant
Prusa PETG @COREONE,0.4,0.4,0,0,PETG,Made for Prusa,12,250,250,85,85,35,0,1,,0.8,,30,60,1,1,,0.053,conditional,S value templated on nozzle_diameter; resolved for this variant
Prusa PETG @COREONE 0.6,0.6,0.6,0,0,PETG,Made for Prusa,17,250,250,85,85,35,0,1,,0.8,,30,60,1,1,,0.032,conditional,S value templated on nozzle_diameter; resolved for this variant
Prusa PETG @COREONE 0.8,0.8,0.8,0,0,PETG,Made for Prusa,22,250,250,85,85,35,0,1,,0.8,,30,65,1,1,,0.018,conditional,S value templated on nozzle_diameter; resolved for this variant
Prusa PETG @COREONE HF0.4,HF0.4,0.4,1,0,PETG,Made for Prusa,22,250,250,85,85,35,0,1,,0.8,,30,60,1,1,,0.047,conditional,S value templated on nozzle_diameter; resolved for this variant
Prusa PETG @COREONE HF0.5,HF0.5,0.5,1,0,PETG,Made for Prusa,24,250,250,85,85,35,0,1,,0.8,,30,60,1,1,,0.042,conditional,S value templated on nozzle_diameter; resolved for this variant
Prusa PETG @COREONE HF0.6,HF0.6,0.6,1,0,PETG,Made for Prusa,30,250,250,85,85,35,0,1,,0.8,,30,60,1,1,,0.033,conditional,S value templated on nozzle_diameter; resolved for this variant
Prusa PETG @COREONE HF0.8,HF0.8,0.8,1,0,PETG,Made for Prusa,36,255,255,85,85,35,0,1,,0.8,,30,65,1,1,,0.021,conditional,S value templated on nozzle_diameter; resolved for this variant
Verbatim PETG @COREONE,0.4,0.4,0,0,PETG,Verbatim,12,240,240,85,85,35,0,1,,0.8,,30,60,1,1,,0.053,conditional,S value templated on nozzle_diameter; resolved for this variant
Verbatim PETG @COREONE 0.6,0.6,0.6,0,0,PETG,Verbatim,17,235,240,85,85,35,0,1,,0.8,,30,60,1,1,,0.032,conditional,S value templated on nozzle_diameter; resolved for this variant
Verbatim PETG @COREONE 0.8,0.8,0.8,0,0,PETG,Verbatim,22,240,240,85,85,35,0,1,,0.8,,30,65,1,1,,0.018,conditional,S value templated on nozzle_diameter; resolved for this variant
Verbatim PETG @COREONE HF0.4,HF0.4,0.4,1,0,PETG,Verbatim,22,240,240,85,85,35,0,1,,0.8,,30,60,1,1,,0.047,conditional,S value templated on nozzle_diameter; resolved for this variant
Verbatim PETG @COREONE HF0.5,HF0.5,0.5,1,0,PETG,Verbatim,24,240,240,85,85,35,0,1,,0.8,,30,60,1,1,,0.042,conditional,S value templated on nozzle_diameter; resolved for this variant
Verbatim PETG @COREONE HF0.6,HF0.6,0.6,1,0,PETG,Verbatim,30,235,240,85,85,35,0,1,,0.8,,30,60,1,1,,0.033,conditional,S value templated on nozzle_diameter; resolved for this variant
Verbatim PETG @COREONE HF0.8,HF0.8,0.8,1,0,PETG,Verbatim,36,240,240,85,85,35,0,1,,0.8,,30,65,1,1,,0.021,conditional,S value templated on nozzle_diameter; resolved for this variant
Prusament PETG @COREONE,0.4,0.4,0,0,PETG,Prusa Polymers,12,250,250,85,85,35,0,1,,0.8,,30,60,1,1,,0.053,conditional,S value templated on nozzle_diameter; resolved for this variant
Prusament PETG @COREONE 0.6,0.6,0.6,0,0,PETG,Prusa Polymers,17,250,250,85,85,35,0,1,,0.8,,30,60,1,1,,0.032,conditional,S value templated on nozzle_diameter; resolved for this variant
Prusament PETG @COREONE 0.8,0.8,0.8,0,0,PETG,Prusa Polymers,22,250,250,85,85,35,0,1,,0.8,,30,65,1,1,,0.018,conditional,S value templated on nozzle_diameter; resolved for this variant
Prusament PETG @COREONE HF0.4,HF0.4,0.4,1,0,PETG,Prusa Polymers,24,255,255,85,85,35,0,1,,0.8,,30,60,1,1,,0.047,conditional,S value templated on nozzle_diameter; resolved for this variant
Prusament PETG @COREONE HF0.5,HF0.5,0.5,1,0,PETG,Prusa Polymers,26,255,255,85,85,35,0,1,,0.8,,30,60,1,1,,0.042,conditional,S value templated on nozzle_diameter; resolved for this variant
Prusament PETG @COREONE HF0.6,HF0.6,0.6,1,0,PETG,Prusa Polymers,30,255,255,85,85,35,0,1,,0.8,,30,60,1,1,,0.033,conditional,S value templated on nozzle_diameter; resolved for this variant
Prusament PETG @COREONE HF0.8,HF0.8,0.8,1,0,PETG,Prusa Polymers,37,260,260,85,85,35,0,1,,0.8,,30,65,1,1,,0.021,conditional,S value templated on nozzle_diameter; resolved for this variant
Prusament PETG @COREONEINDX HF0.4,INDX HF0.4,0.4,1,1,PETG,Prusa Polymers,20,250,255,90,85,35,0,1,,1.6,,30,65,1,1,,0.058,,
Prusament PETG V0 @COREONE,0.4,0.4,0,0,PETG,Prusa Polymers,10,230,230,90,85,35,0,1.04,,0.8,,30,60,1,1,,0.053,conditional,S value templated on nozzle_diameter; resolved for this variant
Prusament PETG V0 @COREONE 0.6,0.6,0.6,0,0,PETG,Prusa Polymers,17,230,230,90,85,35,0,1.04,,0.8,,30,60,1,1,,0.032,conditional,S value templated on nozzle_diameter; resolved for this variant
Prusament PETG V0 @COREONE 0.8,0.8,0.8,0,0,PETG,Prusa Polymers,22,230,230,90,85,35,0,1.04,,0.8,,30,65,1,1,,0.018,conditional,S value templated on nozzle_diameter; resolved for this variant
Prusament PETG V0 @COREONE HF0.4,HF0.4,0.4,1,0,PETG,Prusa Polymers,16,230,230,90,85,35,0,1.04,,0.8,,30,60,1,1,,0.047,conditional,S value templated on nozzle_diameter; resolved for this variant
Prusament PETG V0 @COREONE HF0.5,HF0.5,0.5,1,0,PETG,Prusa Polymers,18,230,230,90,85,35,0,1.04,,0.8,,30,60,1,1,,0.042,conditional,S value templated on nozzle_diameter; resolved for this variant
Prusament PETG V0 @COREONE HF0.6,HF0.6,0.6,1,0,PETG,Prusa Polymers,22,230,230,90,85,35,0,1.04,,0.8,,30,60,1,1,,0.033,conditional,S value templated on nozzle_diameter; resolved for this variant
Prusament PETG V0 @COREONE HF0.8,HF0.8,0.8,1,0,PETG,Prusa Polymers,27,230,230,90,85,35,0,1.04,,0.8,,30,65,1,1,,0.021,conditional,S value templated on nozzle_diameter; resolved for this variant
Prusament PETG Carbon Fiber @COREONE,0.4,0.4,0,0,PETG,Prusa Polymers,12,265,260,85,85,35,0,1.03,1,0.8,,30,60,1,1,,0.053,conditional,S value templated on nozzle_diameter; resolved for this variant
Prusament PETG Carbon Fiber @COREONE 0.6,0.6,0.6,0,0,PETG,Prusa Polymers,17,265,260,85,85,35,0,1.03,1,0.8,,30,60,1,1,,0.032,conditional,S value templated on nozzle_diameter; resolved for this variant
Prusament PETG Carbon Fiber @COREONE 0.8,0.8,0.8,0,0,PETG,Prusa Polymers,22,265,260,85,85,35,0,1.03,1,0.8,,30,65,1,1,,0.018,conditional,S value templated on nozzle_diameter; resolved for this variant
Prusament PETG Ultraglow @COREONE,0.4,0.4,0,0,PETG,Prusa Polymers,12,260,260,85,85,35,0,1,1,0.8,,30,60,1,1,,0.053,conditional,S value templated on nozzle_diameter; resolved for this variant
Prusament PETG Ultraglow @COREONE 0.6,0.6,0.6,0,0,PETG,Prusa Polymers,17,260,260,85,85,35,0,1,1,0.8,,30,60,1,1,,0.032,conditional,S value templated on nozzle_diameter; resolved for this variant
Prusament PETG Magnetite 40% @COREONE,0.4,0.4,0,0,PETG,Prusa Polymers,14,270,265,100,100,35,0,1.09,1,0.8,,10,20,1,0,,0.053,conditional,S value templated on nozzle_diameter; resolved for this variant
Prusament PETG Magnetite 40% @COREONE 0.6,0.6,0.6,0,0,PETG,Prusa Polymers,16,270,265,100,100,35,0,1.09,1,0.8,,10,20,1,0,,0.032,conditional,S value templated on nozzle_diameter; resolved for this variant
Prusament PETG Magnetite 40% @COREONE 0.8,0.8,0.8,0,0,PETG,Prusa Polymers,18,270,265,100,100,35,0,1.09,1,0.8,,10,20,1,0,,0.018,conditional,S value templated on nozzle_diameter; resolved for this variant
Prusa PLA @COREONE,0.4,0.4,0,0,PLA,Made for Prusa,15,220,230,60,60,20,0,1,,,,85,100,1,1,,0.036,conditional,S value templated on nozzle_diameter; resolved for this variant
Prusa PLA @COREONE 0.6,0.6,0.6,0,0,PLA,Made for Prusa,15,210,230,60,60,20,0,1,,,,85,100,1,1,,0.022,conditional,S value templated on nozzle_diameter; resolved for this variant
Prusa PLA @COREONE 0.8,0.8,0.8,0,0,PLA,Made for Prusa,19,230,230,60,60,20,0,1,,,,85,100,1,1,,0.014,conditional,S value templated on nozzle_diameter; resolved for this variant
Prusa PLA @COREONE HF0.4,HF0.4,0.4,1,0,PLA,Made for Prusa,21,225,230,60,60,20,0,1,,,,85,100,1,1,,0.036,conditional,S value templated on nozzle_diameter; resolved for this variant
Prusa PLA @COREONE HF0.5,HF0.5,0.5,1,0,PLA,Made for Prusa,24,225,230,60,60,20,0,1,,,,85,100,1,1,,0.026,conditional,S value templated on nozzle_diameter; resolved for this variant
Prusa PLA @COREONE HF0.6,HF0.6,0.6,1,0,PLA,Made for Prusa,28,225,230,60,60,20,0,1,,,,85,100,1,1,,0.022,conditional,S value templated on nozzle_diameter; resolved for this variant
Prusa PLA @COREONE HF0.8,HF0.8,0.8,1,0,PLA,Made for Prusa,35,210,215,60,60,20,0,1,,,,85,100,1,1,,0.015,conditional,S value templated on nozzle_diameter; resolved for this variant
Eolas Prints PLA @COREONE,0.4,0.4,0,0,PLA,Eolas Prints,15,220,230,60,60,20,0,1,,,,85,100,1,1,,0.036,conditional,S value templated on nozzle_diameter; resolved for this variant
Eolas Prints PLA @COREONE 0.6,0.6,0.6,0,0,PLA,Eolas Prints,15.5,220,230,60,60,20,0,1,,,,85,100,1,1,,0.022,conditional,S value templated on nozzle_diameter; resolved for this variant
Eolas Prints PLA @COREONE 0.8,0.8,0.8,0,0,PLA,Eolas Prints,19,220,230,60,60,20,0,1,,,,85,100,1,1,,0.014,conditional,S value templated on nozzle_diameter; resolved for this variant
Eolas Prints PLA @COREONE HF0.4,HF0.4,0.4,1,0,PLA,Eolas Prints,21,220,230,60,60,20,0,1,,,,85,100,1,1,,0.036,conditional,S value templated on nozzle_diameter; resolved for this variant
Eolas Prints PLA @COREONE HF0.5,HF0.5,0.5,1,0,PLA,Eolas Prints,24,220,230,60,60,20,0,1,,,,85,100,1,1,,0.026,conditional,S value templated on nozzle_diameter; resolved for this variant
Eolas Prints PLA @COREONE HF0.6,HF0.6,0.6,1,0,PLA,Eolas Prints,28,220,230,60,60,20,0,1,,,,85,100,1,1,,0.022,conditional,S value templated on nozzle_diameter; resolved for this variant
Eolas Prints PLA @COREONE HF0.8,HF0.8,0.8,1,0,PLA,Eolas Prints,35,220,230,60,60,20,0,1,,,,85,100,1,1,,0.015,conditional,S value templated on nozzle_diameter; resolved for this variant
Eolas Prints PLA Matte @COREONE,0.4,0.4,0,0,PLA,Eolas Prints,14,220,230,60,60,20,0,1,,,,85,100,1,1,,0.036,conditional,S value templated on nozzle_diameter; resolved for this variant
Eolas Prints PLA Matte @COREONE 0.6,0.6,0.6,0,0,PLA,Eolas Prints,15.5,220,230,60,60,20,0,1,,,,85,100,1,1,,0.022,conditional,S value templated on nozzle_diameter; resolved for this variant
Eolas Prints PLA Matte @COREONE 0.8,0.8,0.8,0,0,PLA,Eolas Prints,19,220,230,60,60,20,0,1,,,,85,100,1,1,,0.014,conditional,S value templated on nozzle_diameter; resolved for this variant
Eolas Prints PLA Matte @COREONE HF0.4,HF0.4,0.4,1,0,PLA,Eolas Prints,21,220,230,60,60,20,0,1,,,,85,100,1,1,,0.036,conditional,S value templated on nozzle_diameter; resolved for this variant
Eolas Prints PLA Matte @COREONE HF0.5,HF0.5,0.5,1,0,PLA,Eolas Prints,24,220,230,60,60,20,0,1,,,,85,100,1,1,,0.026,conditional,S value templated on nozzle_diameter; resolved for this variant
Eolas Prints PLA Matte @COREONE HF0.6,HF0.6,0.6,1,0,PLA,Eolas Prints,28,220,230,60,60,20,0,1,,,,85,100,1,1,,0.022,conditional,S value templated on nozzle_diameter; resolved for this variant
Eolas Prints PLA Matte @COREONE HF0.8,HF0.8,0.8,1,0,PLA,Eolas Prints,35,220,230,60,60,20,0,1,,,,85,100,1,1,,0.015,conditional,S value templated on nozzle_diameter; resolved for this variant
Eolas Prints INGEO 850 @COREONE,0.4,0.4,0,0,PLA,Eolas Prints,15,210,215,60,60,20,0,1,,,,85,100,1,1,,0.036,conditional,S value templated on nozzle_diameter; resolved for this variant
Eolas Prints INGEO 850 @COREONE 0.6,0.6,0.6,0,0,PLA,Eolas Prints,15.5,210,215,60,60,20,0,1,,,,85,100,1,1,,0.022,conditional,S value templated on nozzle_diameter; resolved for this variant
Eolas Prints INGEO 850 @COREONE 0.8,0.8,0.8,0,0,PLA,Eolas Prints,19,210,215,60,60,20,0,1,,,,85,100,1,1,,0.014,conditional,S value templated on nozzle_diameter; resolved for this variant
Eolas Prints INGEO 870 @COREONE,0.4,0.4,0,0,PLA,Eolas Prints,15,215,220,65,68,20,0,1,,,,85,100,1,1,,0.036,conditional,S value templated on nozzle_diameter; resolved for this variant
Eolas Prints INGEO 870 @COREONE 0.6,0.6,0.6,0,0,PLA,Eolas Prints,15.5,215,220,65,68,20,0,1,,,,85,100,1,1,,0.022,conditional,S value templated on nozzle_diameter; resolved for this variant
Eolas Prints INGEO 870 @COREONE 0.8,0.8,0.8,0,0,PLA,Eolas Prints,19,215,220,65,68,20,0,1,,,,85,100,1,1,,0.014,conditional,S value templated on nozzle_diameter; resolved for this variant
Eolas Prints PETG @COREONE,0.4,0.4,0,0,PETG,Eolas Prints,12,240,235,85,85,35,0,1,,0.8,,30,60,1,1,,0.053,conditional,S value templated on nozzle_diameter; resolved for this variant
Eolas Prints PETG @COREONE 0.6,0.6,0.6,0,0,PETG,Eolas Prints,17,240,235,85,85,35,0,1,,0.8,,30,60,1,1,,0.032,conditional,S value templated on nozzle_diameter; resolved for this variant
Eolas Prints PETG @COREONE 0.8,0.8,0.8,0,0,PETG,Eolas Prints,22,240,235,85,85,35,0,1,,0.8,,30,65,1,1,,0.018,conditional,S value templated on nozzle_diameter; resolved for this variant
Eolas Prints PETG @COREONE HF0.4,HF0.4,0.4,1,0,PETG,Eolas Prints,22,240,235,85,85,35,0,1,,0.8,,30,60,1,1,,0.047,conditional,S value templated on nozzle_diameter; resolved for this variant
Eolas Prints PETG @COREONE HF0.5,HF0.5,0.5,1,0,PETG,Eolas Prints,24,240,235,85,85,35,0,1,,0.8,,30,60,1,1,,0.042,conditional,S value templated on nozzle_diameter; resolved for this variant
Eolas Prints PETG @COREONE HF0.6,HF0.6,0.6,1,0,PETG,Eolas Prints,30,240,235,85,85,35,0,1,,0.8,,30,60,1,1,,0.033,conditional,S value templated on nozzle_diameter; resolved for this variant
Eolas Prints PETG @COREONE HF0.8,HF0.8,0.8,1,0,PETG,Eolas Prints,36,240,235,85,85,35,0,1,,0.8,,30,65,1,1,,0.021,conditional,S value templated on nozzle_diameter; resolved for this variant
Eolas Prints PETG - UV Resistant @COREONE,0.4,0.4,0,0,PETG,Eolas Prints,12,237,232,85,85,35,0,1,,0.8,,30,60,1,1,,0.053,conditional,S value templated on nozzle_diameter; resolved for this variant
Eolas Prints PETG - UV Resistant @COREONE 0.6,0.6,0.6,0,0,PETG,Eolas Prints,17,237,232,85,85,35,0,1,,0.8,,30,60,1,1,,0.032,conditional,S value templated on nozzle_diameter; resolved for this variant
Eolas Prints PETG - UV Resistant @COREONE 0.8,0.8,0.8,0,0,PETG,Eolas Prints,22,237,232,85,85,35,0,1,,0.8,,30,65,1,1,,0.018,conditional,S value templated on nozzle_diameter; resolved for this variant
Eolas Prints TPU 93A @COREONE,0.4,0.4,0,0,FLEX,Eolas Prints,3.5,235,240,30,30,30,0,1.1,,2.5,60,40,60,0,0,,,,no M572 in start_filament_gcode
Eolas Prints TPU 93A @COREONE 0.6,0.6,0.6,0,0,FLEX,Eolas Prints,4.5,235,240,30,30,30,0,1.1,,2.5,60,40,60,0,0,,,,no M572 in start_filament_gcode
Eolas Prints TPU 93A @COREONE 0.8,0.8,0.8,0,0,FLEX,Eolas Prints,8,235,240,30,30,30,0,1.1,,2.5,60,40,60,0,0,,,,no M572 in start_filament_gcode
Tectonic-3D AURA PLA @COREONE,0.4,0.4,0,0,PLA,Tectonic-3D,14,220,230,60,60,23,0,1,,,,85,100,1,1,,0.03,conditional,S value templated on nozzle_diameter; resolved for this variant
Tectonic-3D AURA PLA @COREONE 0.6,0.6,0.6,0,0,PLA,Tectonic-3D,15.5,220,230,60,60,23,0,1,,,,85,100,1,1,,0.018,conditional,S value templated on nozzle_diameter; resolved for this variant
Tectonic-3D AURA PLA @COREONE 0.8,0.8,0.8,0,0,PLA,Tectonic-3D,19,220,230,60,60,23,0,1,,,,85,100,1,1,,0.012,conditional,S value templated on nozzle_diameter; resolved for this variant
Tectonic-3D AURA PLA @COREONE HF0.4,HF0.4,0.4,1,0,PLA,Tectonic-3D,20,220,230,60,60,23,0,1,,,,85,100,1,1,,0.03,conditional,S value templated on nozzle_diameter; resolved for this variant
Tectonic-3D AURA PLA @COREONE HF0.5,HF0.5,0.5,1,0,PLA,Tectonic-3D,22,220,230,60,60,23,0,1,,,,85,100,1,1,,0.021,conditional,S value templated on nozzle_diameter; resolved for this variant
Tectonic-3D AURA PLA @COREONE HF0.6,HF0.6,0.6,1,0,PLA,Tectonic-3D,28,220,230,60,60,23,0,1,,,,85,100,1,1,,0.018,conditional,S value templated on nozzle_diameter; resolved for this variant
Tectonic-3D AURA PLA @COREONE HF0.8,HF0.8,0.8,1,0,PLA,Tectonic-3D,32,220,230,60,60,23,0,1,,,,85,100,1,1,,0.012,conditional,S value templated on nozzle_diameter; resolved for this variant
Tectonic-3D AURA PETG @COREONE,0.4,0.4,0,0,PETG,Tectonic-3D,12,245,245,85,85,35,0,1,,0.8,,30,60,1,1,,0.053,conditional,S value templated on nozzle_diameter; resolved for this variant
Tectonic-3D AURA PETG @COREONE 0.6,0.6,0.6,0,0,PETG,Tectonic-3D,17,245,245,85,85,35,0,1,,0.8,,30,60,1,1,,0.032,conditional,S value templated on nozzle_diameter; resolved for this variant
Tectonic-3D AURA PETG @COREONE 0.8,0.8,0.8,0,0,PETG,Tectonic-3D,22,245,245,85,85,35,0,1,,0.8,,30,65,1,1,,0.018,conditional,S value templated on nozzle_diameter; resolved for this variant
Tectonic-3D AURA PETG @COREONE HF0.4,HF0.4,0.4,1,0,PETG,Tectonic-3D,21,250,250,85,85,35,0,1,,0.8,,30,60,1,1,,0.047,conditional,S value templated on nozzle_diameter; resolved for this variant
Tectonic-3D AURA PETG @COREONE HF0.5,HF0.5,0.5,1,0,PETG,Tectonic-3D,23,250,250,85,85,35,0,1,,0.8,,30,60,1,1,,0.042,conditional,S value templated on nozzle_diameter; resolved for this variant
Tectonic-3D AURA PETG @COREONE HF0.6,HF0.6,0.6,1,0,PETG,Tectonic-3D,25,250,250,85,85,35,0,1,,0.8,,30,60,1,1,,0.033,conditional,S value templated on nozzle_diameter; resolved for this variant
Tectonic-3D AURA PETG @COREONE HF0.8,HF0.8,0.8,1,0,PETG,Tectonic-3D,30,250,250,85,85,35,0,1,,0.8,,30,65,1,1,,0.021,conditional,S value templated on nozzle_diameter; resolved for this variant
Tectonic-3D AURA ASA+ @COREONE,0.4,0.4,0,0,ASA,Tectonic-3D,15,260,260,90,90,0,0,1,,,,20,25,1,1,0.22%,0.02,conditional,S value templated on nozzle_diameter; resolved for this variant
Tectonic-3D AURA ASA+ @COREONE 0.6,0.6,0.6,0,0,ASA,Tectonic-3D,15,260,260,90,90,0,0,1,,,,20,25,1,1,0.22%,0.012,conditional,S value templated on nozzle_diameter; resolved for this variant
Tectonic-3D AURA ASA+ @COREONE 0.8,0.8,0.8,0,0,ASA,Tectonic-3D,18,260,260,90,90,0,0,1,,,,20,30,1,1,0.22%,0.01,conditional,S value templated on nozzle_diameter; resolved for this variant
Tectonic-3D AURA ASA+ @COREONE HF0.4,HF0.4,0.4,1,0,ASA,Tectonic-3D,24,260,260,90,90,0,0,1,,,,20,25,1,1,0.22%,0.02,conditional,S value templated on nozzle_diameter; resolved for this variant
Tectonic-3D AURA ASA+ @COREONE HF0.5,HF0.5,0.5,1,0,ASA,Tectonic-3D,27,260,260,90,90,0,0,1,,,,20,25,1,1,0.22%,0.018,conditional,S value templated on nozzle_diameter; resolved for this variant
Tectonic-3D AURA ASA+ @COREONE HF0.6,HF0.6,0.6,1,0,ASA,Tectonic-3D,34,260,260,90,90,0,0,1,,,,20,25,1,1,0.22%,0.015,conditional,S value templated on nozzle_diameter; resolved for this variant
Tectonic-3D AURA ASA+ @COREONE HF0.8,HF0.8,0.8,1,0,ASA,Tectonic-3D,36,260,260,90,90,0,0,1,,,,20,30,1,1,0.22%,0.01,conditional,S value templated on nozzle_diameter; resolved for this variant
Tectonic-3D KRATIR PP CF @COREONE,0.4,0.4,0,0,PP,Tectonic-3D,4,250,250,60,60,0,0,1,1,,,0,0,0,0,0%,0.036,conditional,S value templated on nozzle_diameter; resolved for this variant
Tectonic-3D KRATIR PP CF @COREONE 0.6,0.6,0.6,0,0,PP,Tectonic-3D,6,250,250,60,60,0,0,1,1,,,0,0,0,0,0%,0.022,conditional,S value templated on nozzle_diameter; resolved for this variant
Tectonic-3D KRATIR PP CF @COREONE 0.8,0.8,0.8,0,0,PP,Tectonic-3D,8,250,250,60,60,0,0,1,1,,,0,0,0,0,0%,0.015,conditional,S value templated on nozzle_diameter; resolved for this variant
Tectonic-3D KRATIR PA11 CF @COREONE,0.4,0.4,0,0,PA,Tectonic-3D,8,280,280,110,110,0,0,1,1,,,15,20,1,0,0%,0.05,conditional,S value templated on nozzle_diameter; resolved for this variant
Tectonic-3D KRATIR PA11 CF @COREONE 0.6,0.6,0.6,0,0,PA,Tectonic-3D,10,280,280,110,110,0,0,1,1,,,15,20,1,0,0%,0.025,conditional,S value templated on nozzle_diameter; resolved for this variant
Tectonic-3D KRATIR PA11 CF @COREONE 0.8,0.8,0.8,0,0,PA,Tectonic-3D,12,280,280,110,110,0,0,1,1,,,15,20,1,0,0%,0.016,conditional,S value templated on nozzle_diameter; resolved for this variant
Tectonic-3D KRATIR PA6.66 CF @COREONE,0.4,0.4,0,0,PA,Tectonic-3D,10,265,265,100,100,50,0,1,1,1,,0,0,1,0,0%,0.05,conditional,S value templated on nozzle_diameter; resolved for this variant
Tectonic-3D KRATIR PA6.66 CF @COREONE 0.6,0.6,0.6,0,0,PA,Tectonic-3D,10,265,265,100,100,50,0,1,1,1,,0,0,1,0,0%,0.025,conditional,S value templated on nozzle_diameter; resolved for this variant
Tectonic-3D KRATIR PA6.66 CF @COREONE 0.8,0.8,0.8,0,0,PA,Tectonic-3D,12,265,265,100,100,50,0,1,1,1,,0,0,1,0,0%,0.016,conditional,S value templated on nozzle_diameter; resolved for this variant
Cookiecad PLA @COREONE,0.4,0.4,0,0,PLA,Cookiecad,15,220,220,60,70,20,0,1,,,,85,100,1,1,,0.036,conditional,S value templated on nozzle_diameter; resolved for this variant
Cookiecad PLA @COREONE 0.6,0.6,0.6,0,0,PLA,Cookiecad,15.5,220,230,60,70,20,0,1,,,,85,100,1,1,,0.022,conditional,S value templated on nozzle_diameter; resolved for this variant
Cookiecad PLA @COREONE 0.8,0.8,0.8,0,0,PLA,Cookiecad,19,220,230,60,70,20,0,1,,,,85,100,1,1,,0.014,conditional,S value templated on nozzle_diameter; resolved for this variant
Cookiecad PLA @COREONE HF0.4,HF0.4,0.4,1,0,PLA,Cookiecad,21,220,220,60,70,20,0,1,,,,85,100,1,1,,0.036,conditional,S value templated on nozzle_diameter; resolved for this variant
Cookiecad PLA @COREONE HF0.5,HF0.5,0.5,1,0,PLA,Cookiecad,24,220,220,60,70,20,0,1,,,,85,100,1,1,,0.026,conditional,S value templated on nozzle_diameter; resolved for this variant
Cookiecad PLA @COREONE HF0.6,HF0.6,0.6,1,0,PLA,Cookiecad,28,220,230,60,70,20,0,1,,,,85,100,1,1,,0.022,conditional,S value templated on nozzle_diameter; resolved for this variant
Cookiecad PLA @COREONE HF0.8,HF0.8,0.8,1,0,PLA,Cookiecad,35,220,230,60,70,20,0,1,,,,85,100,1,1,,0.015,conditional,S value templated on nozzle_diameter; resolved for this variant
Print With Smile PLA @COREONE,0.4,0.4,0,0,PLA,Print With Smile,12,220,230,60,60,20,0,1,,,,85,100,1,1,,0.036,conditional,S value templated on nozzle_diameter; resolved for this variant
Print With Smile PLA @COREONE 0.6,0.6,0.6,0,0,PLA,Print With Smile,15.5,220,230,60,60,20,0,1,,,,85,100,1,1,,0.022,conditional,S value templated on nozzle_diameter; resolved for this variant
Print With Smile PLA @COREONE 0.8,0.8,0.8,0,0,PLA,Print With Smile,19,220,230,60,60,20,0,1,,,,85,100,1,1,,0.014,conditional,S value templated on nozzle_diameter; resolved for this variant
Print With Smile PLA @COREONE HF0.4,HF0.4,0.4,1,0,PLA,Print With Smile,21,220,230,60,60,20,0,1,,,,85,100,1,1,,0.036,conditional,S value templated on nozzle_diameter; resolved for this variant
Print With Smile PLA @COREONE HF0.5,HF0.5,0.5,1,0,PLA,Print With Smile,24,220,230,60,60,20,0,1,,,,85,100,1,1,,0.026,conditional,S value templated on nozzle_diameter; resolved for this variant
Print With Smile PLA @COREONE HF0.6,HF0.6,0.6,1,0,PLA,Print With Smile,28,220,230,60,60,20,0,1,,,,85,100,1,1,,0.022,conditional,S value templated on nozzle_diameter; resolved for this variant
Print With Smile PLA @COREONE HF0.8,HF0.8,0.8,1,0,PLA,Print With Smile,35,220,230,60,60,20,0,1,,,,85,100,1,1,,0.015,conditional,S value templated on nozzle_diameter; resolved for this variant
Print With Smile PETG @COREONE,0.4,0.4,0,0,PETG,Print With Smile,8,245,240,85,85,35,0,1,,0.8,,30,60,1,1,,0.053,conditional,S value templated on nozzle_diameter; resolved for this variant
Print With Smile PETG @COREONE 0.6,0.6,0.6,0,0,PETG,Print With Smile,16,235,240,85,85,35,0,1,,0.8,,30,60,1,1,,0.032,conditional,S value templated on nozzle_diameter; resolved for this variant
Print With Smile PETG @COREONE 0.8,0.8,0.8,0,0,PETG,Print With Smile,19,245,240,85,85,35,0,1,,0.8,,30,65,1,1,,0.018,conditional,S value templated on nozzle_diameter; resolved for this variant
Print With Smile PETG @COREONE HF0.4,HF0.4,0.4,1,0,PETG,Print With Smile,22,245,240,85,85,35,0,1,,0.8,,30,60,1,1,,0.047,conditional,S value templated on nozzle_diameter; resolved for this variant
Print With Smile PETG @COREONE HF0.5,HF0.5,0.5,1,0,PETG,Print With Smile,24,245,240,85,85,35,0,1,,0.8,,30,60,1,1,,0.042,conditional,S value templated on nozzle_diameter; resolved for this variant
Print With Smile PETG @COREONE HF0.6,HF0.6,0.6,1,0,PETG,Print With Smile,30,235,240,85,85,35,0,1,,0.8,,30,60,1,1,,0.033,conditional,S value templated on nozzle_diameter; resolved for this variant
Print With Smile PETG @COREONE HF0.8,HF0.8,0.8,1,0,PETG,Print With Smile,36,245,240,85,85,35,0,1,,0.8,,30,65,1,1,,0.021,conditional,S value templated on nozzle_diameter; resolved for this variant
Print With Smile ASA @COREONE,0.4,0.4,0,0,ASA,Print With Smile,15,250,250,110,110,55,40,1,,,,18,30,1,0,0.22%,0.02,conditional,S value templated on nozzle_diameter; resolved for this variant
Print With Smile ASA @COREONE 0.6,0.6,0.6,0,0,ASA,Print With Smile,15,250,250,110,110,55,40,1,,,,18,30,1,0,0.22%,0.012,conditional,S value templated on nozzle_diameter; resolved for this variant
Print With Smile ASA @COREONE 0.8,0.8,0.8,0,0,ASA,Print With Smile,18,255,255,110,110,55,40,1,,,,18,30,1,0,0.22%,0.01,conditional,S value templated on nozzle_diameter; resolved for this variant
Print With Smile ASA @COREONE HF0.4,HF0.4,0.4,1,0,ASA,Print With Smile,25,250,250,110,110,55,40,1,,,,18,30,1,0,0.22%,0.02,conditional,S value templated on nozzle_diameter; resolved for this variant
Print With Smile ASA @COREONE HF0.5,HF0.5,0.5,1,0,ASA,Print With Smile,27,250,250,110,110,55,40,1,,,,18,30,1,0,0.22%,0.018,conditional,S value templated on nozzle_diameter; resolved for this variant
Print With Smile ASA @COREONE HF0.6,HF0.6,0.6,1,0,ASA,Print With Smile,34,250,250,110,110,55,40,1,,,,18,30,1,0,0.22%,0.015,conditional,S value templated on nozzle_diameter; resolved for this variant
Print With Smile ASA @COREONE HF0.8,HF0.8,0.8,1,0,ASA,Print With Smile,36,255,255,110,110,55,40,1,,,,18,30,1,0,0.22%,0.01,conditional,S value templated on nozzle_diameter; resolved for this variant
Print With Smile ABS @COREONE,0.4,0.4,0,0,ABS,Print With Smile,15,240,240,110,110,55,40,1,,,,15,20,1,0,0.22%,0.02,conditional,S value templated on nozzle_diameter; resolved for this variant
Print With Smile ABS @COREONE 0.6,0.6,0.6,0,0,ABS,Print With Smile,15,240,240,110,110,55,40,1,,,,15,20,1,0,0.22%,0.012,conditional,S value templated on nozzle_diameter; resolved for this variant
Print With Smile ABS @COREONE 0.8,0.8,0.8,0,0,ABS,Print With Smile,18,240,240,110,110,55,40,1,,,,15,20,1,0,0.22%,0.01,conditional,S value templated on nozzle_diameter; resolved for this variant
Print With Smile ABS @COREONE HF0.4,HF0.4,0.4,1,0,ABS,Print With Smile,25,240,240,110,110,55,40,1,,,,15,20,1,0,0.22%,0.02,conditional,S value templated on nozzle_diameter; resolved for this variant
Print With Smile ABS @COREONE HF0.5,HF0.5,0.5,1,0,ABS,Print With Smile,27,240,240,110,110,55,40,1,,,,15,20,1,0,0.22%,0.018,conditional,S value templated on nozzle_diameter; resolved for this variant
Print With Smile ABS @COREONE HF0.6,HF0.6,0.6,1,0,ABS,Print With Smile,34,240,240,110,110,55,40,1,,,,15,20,1,0,0.22%,0.015,conditional,S value templated on nozzle_diameter; resolved for this variant
Print With Smile ABS @COREONE HF0.8,HF0.8,0.8,1,0,ABS,Print With Smile,36,240,240,110,110,55,40,1,,,,15,20,1,0,0.22%,0.01,conditional,S value templated on nozzle_diameter; resolved for this variant
Print With Smile PETG CF @COREONE,0.4,0.4,0,0,PETG,Print With Smile,5,260,260,85,85,35,0,1,1,0.8,,20,40,1,1,,0.053,conditional,S value templated on nozzle_diameter; resolved for this variant
Print With Smile PETG CF @COREONE 0.6,0.6,0.6,0,0,PETG,Print With Smile,6.5,255,260,85,85,35,0,1,1,0.8,,20,40,1,1,,0.032,conditional,S value templated on nozzle_diameter; resolved for this variant
Print With Smile PETG CF @COREONE 0.8,0.8,0.8,0,0,PETG,Print With Smile,6.5,255,260,85,85,35,0,1,1,0.8,,20,40,1,1,,0.018,conditional,S value templated on nozzle_diameter; resolved for this variant
Print With Smile TPU96A @COREONE,0.4,0.4,0,0,FLEX,Print With Smile,2.5,240,240,50,50,30,0,1.1,,2,60,45,45,0,1,,,,no M572 in start_filament_gcode
Print With Smile TPU96A @COREONE 0.6,0.6,0.6,0,0,FLEX,Print With Smile,3.5,240,240,50,50,30,0,1.1,,2,60,45,45,0,1,,,,no M572 in start_filament_gcode
Print With Smile TPU96A @COREONE 0.8,0.8,0.8,0,0,FLEX,Print With Smile,7,240,240,50,50,30,0,1.1,,2,60,45,45,0,1,,,,no M572 in start_filament_gcode
Fiberlogy Easy PLA @COREONE,0.4,0.4,0,0,PLA,Fiberlogy,15,225,230,60,60,20,0,1,,,,85,100,1,1,,0.036,conditional,S value templated on nozzle_diameter; resolved for this variant
Fiberlogy Easy PLA @COREONE 0.6,0.6,0.6,0,0,PLA,Fiberlogy,15.5,225,230,60,60,20,0,1,,,,85,100,1,1,,0.022,conditional,S value templated on nozzle_diameter; resolved for this variant
Fiberlogy Easy PLA @COREONE 0.8,0.8,0.8,0,0,PLA,Fiberlogy,19,225,230,60,60,20,0,1,,,,85,100,1,1,,0.014,conditional,S value templated on nozzle_diameter; resolved for this variant
Fiberlogy Easy PLA @COREONE HF0.4,HF0.4,0.4,1,0,PLA,Fiberlogy,21,225,230,60,60,20,0,1,,,,85,100,1,1,,0.036,conditional,S value templated on nozzle_diameter; resolved for this variant
Fiberlogy Easy PLA @COREONE HF0.5,HF0.5,0.5,1,0,PLA,Fiberlogy,24,225,230,60,60,20,0,1,,,,85,100,1,1,,0.026,conditional,S value templated on nozzle_diameter; resolved for this variant
Fiberlogy Easy PLA @COREONE HF0.6,HF0.6,0.6,1,0,PLA,Fiberlogy,28,225,230,60,60,20,0,1,,,,85,100,1,1,,0.022,conditional,S value templated on nozzle_diameter; resolved for this variant
Fiberlogy Easy PLA @COREONE HF0.8,HF0.8,0.8,1,0,PLA,Fiberlogy,35,225,230,60,60,20,0,1,,,,85,100,1,1,,0.015,conditional,S value templated on nozzle_diameter; resolved for this variant
Fiberlogy Easy PET-G @COREONE,0.4,0.4,0,0,PETG,Fiberlogy,12,235,235,80,80,35,0,1,,0.8,,15,25,1,1,,0.053,conditional,S value templated on nozzle_diameter; resolved for this variant
Fiberlogy Easy PET-G @COREONE 0.6,0.6,0.6,0,0,PETG,Fiberlogy,17,230,235,80,80,35,0,1,,0.8,,15,25,1,1,,0.032,conditional,S value templated on nozzle_diameter; resolved for this variant
Fiberlogy Easy PET-G @COREONE 0.8,0.8,0.8,0,0,PETG,Fiberlogy,22,235,235,80,80,35,0,1,,0.8,,15,25,1,1,,0.018,conditional,S value templated on nozzle_diameter; resolved for this variant
Fiberlogy Easy PET-G @COREONE HF0.4,HF0.4,0.4,1,0,PETG,Fiberlogy,22,235,235,80,80,35,0,1,,0.8,,15,25,1,1,,0.047,conditional,S value templated on nozzle_diameter; resolved for this variant
Fiberlogy Easy PET-G @COREONE HF0.5,HF0.5,0.5,1,0,PETG,Fiberlogy,24,235,235,80,80,35,0,1,,0.8,,15,25,1,1,,0.042,conditional,S value templated on nozzle_diameter; resolved for this variant
Fiberlogy Easy PET-G @COREONE HF0.6,HF0.6,0.6,1,0,PETG,Fiberlogy,30,230,235,80,80,35,0,1,,0.8,,15,25,1,1,,0.033,conditional,S value templated on nozzle_diameter; resolved for this variant
Fiberlogy Easy PET-G @COREONE HF0.8,HF0.8,0.8,1,0,PETG,Fiberlogy,36,235,235,80,80,35,0,1,,0.8,,15,25,1,1,,0.021,conditional,S value templated on nozzle_diameter; resolved for this variant
Fiberlogy ASA @COREONE,0.4,0.4,0,0,ASA,Fiberlogy,15,260,260,110,110,55,40,1,,,,15,20,1,0,0.22%,0.02,conditional,S value templated on nozzle_diameter; resolved for this variant
Fiberlogy ASA @COREONE 0.6,0.6,0.6,0,0,ASA,Fiberlogy,15,260,260,110,110,55,40,1,,,,15,20,1,0,0.22%,0.012,conditional,S value templated on nozzle_diameter; resolved for this variant
Fiberlogy ASA @COREONE 0.8,0.8,0.8,0,0,ASA,Fiberlogy,18,260,260,110,110,55,40,1,,,,15,20,1,0,0.22%,0.01,conditional,S value templated on nozzle_diameter; resolved for this variant
Fiberlogy ASA @COREONE HF0.4,HF0.4,0.4,1,0,ASA,Fiberlogy,25,260,260,110,110,55,40,1,,,,15,20,1,0,0.22%,0.02,conditional,S value templated on nozzle_diameter; resolved for this variant
Fiberlogy ASA @COREONE HF0.5,HF0.5,0.5,1,0,ASA,Fiberlogy,27,260,260,110,110,55,40,1,,,,15,20,1,0,0.22%,0.018,conditional,S value templated on nozzle_diameter; resolved for this variant
Fiberlogy ASA @COREONE HF0.6,HF0.6,0.6,1,0,ASA,Fiberlogy,34,260,260,110,110,55,40,1,,,,15,20,1,0,0.22%,0.015,conditional,S value templated on nozzle_diameter; resolved for this variant
Fiberlogy ASA @COREONE HF0.8,HF0.8,0.8,1,0,ASA,Fiberlogy,36,260,260,110,110,55,40,1,,,,15,20,1,0,0.22%,0.01,conditional,S value templated on nozzle_diameter; resolved for this variant
Fiberlogy Easy ABS @COREONE,0.4,0.4,0,0,ABS,Fiberlogy,15,250,250,100,100,55,40,1,,,,15,20,1,0,0.22%,0.02,conditional,S value templated on nozzle_diameter; resolved for this variant
Fiberlogy Easy ABS @COREONE 0.6,0.6,0.6,0,0,ABS,Fiberlogy,15,250,250,100,100,55,40,1,,,,15,20,1,0,0.22%,0.012,conditional,S value templated on nozzle_diameter; resolved for this variant
Fiberlogy Easy ABS @COREONE 0.8,0.8,0.8,0,0,ABS,Fiberlogy,18,250,250,100,100,55,40,1,,,,15,20,1,0,0.22%,0.01,conditional,S value templated on nozzle_diameter; resolved for this variant
Fiberlogy Easy ABS @COREONE HF0.4,HF0.4,0.4,1,0,ABS,Fiberlogy,25,250,250,100,100,55,40,1,,,,15,20,1,0,0.22%,0.02,conditional,S value templated on nozzle_diameter; resolved for this variant
Fiberlogy Easy ABS @COREONE HF0.5,HF0.5,0.5,1,0,ABS,Fiberlogy,27,250,250,100,100,55,40,1,,,,15,20,1,0,0.22%,0.018,conditional,S value templated on nozzle_diameter; resolved for this variant
Fiberlogy Easy ABS @COREONE HF0.6,HF0.6,0.6,1,0,ABS,Fiberlogy,34,250,250,100,100,55,40,1,,,,15,20,1,0,0.22%,0.015,conditional,S value templated on nozzle_diameter; resolved for this variant
Fiberlogy Easy ABS @COREONE HF0.8,HF0.8,0.8,1,0,ABS,Fiberlogy,36,250,250,100,100,55,40,1,,,,15,20,1,0,0.22%,0.01,conditional,S value templated on nozzle_diameter; resolved for this variant
Fiberlogy CPE HT @COREONE,0.4,0.4,0,0,CPE,Fiberlogy,12,275,275,105,100,35,0,0.98,,0.8,,10,10,1,0,,0.053,conditional,S value templated on nozzle_diameter; resolved for this variant
Fiberlogy CPE HT @COREONE 0.6,0.6,0.6,0,0,CPE,Fiberlogy,17,265,275,105,100,35,0,0.98,,0.8,,10,10,1,0,,0.032,conditional,S value templated on nozzle_diameter; resolved for this variant
Fiberlogy CPE HT @COREONE 0.8,0.8,0.8,0,0,CPE,Fiberlogy,22,275,275,105,100,35,0,0.98,,0.8,,10,10,1,0,,0.018,conditional,S value templated on nozzle_diameter; resolved for this variant
Fiberlogy CPE HT @COREONE HF0.4,HF0.4,0.4,1,0,CPE,Fiberlogy,22,275,275,105,100,35,0,0.98,,0.8,,10,10,1,0,,0.047,conditional,S value templated on nozzle_diameter; resolved for this variant
Fiberlogy CPE HT @COREONE HF0.5,HF0.5,0.5,1,0,CPE,Fiberlogy,24,275,275,105,100,35,0,0.98,,0.8,,10,10,1,0,,0.042,conditional,S value templated on nozzle_diameter; resolved for this variant
Fiberlogy CPE HT @COREONE HF0.6,HF0.6,0.6,1,0,CPE,Fiberlogy,30,265,275,105,100,35,0,0.98,,0.8,,10,10,1,0,,0.033,conditional,S value templated on nozzle_diameter; resolved for this variant
Fiberlogy CPE HT @COREONE HF0.8,HF0.8,0.8,1,0,CPE,Fiberlogy,36,275,275,105,100,35,0,0.98,,0.8,,10,10,1,0,,0.021,conditional,S value templated on nozzle_diameter; resolved for this variant
Fiberlogy PCTG @COREONE,0.4,0.4,0,0,PCTG,Fiberlogy,12,265,265,90,90,40,0,0.98,,0.8,,10,15,1,1,,0.053,conditional,S value templated on nozzle_diameter; resolved for this variant
Fiberlogy PCTG @COREONE 0.6,0.6,0.6,0,0,PCTG,Fiberlogy,17,265,265,90,90,40,0,0.98,,0.8,,10,15,1,1,,0.032,conditional,S value templated on nozzle_diameter; resolved for this variant
Fiberlogy PCTG @COREONE 0.8,0.8,0.8,0,0,PCTG,Fiberlogy,22,265,265,90,90,40,0,0.98,,0.8,,10,15,1,1,,0.018,conditional,S value templated on nozzle_diameter; resolved for this variant
Fiberlogy PCTG @COREONE HF0.4,HF0.4,0.4,1,0,PCTG,Fiberlogy,22,265,265,90,90,40,0,0.98,,0.8,,10,15,1,1,,0.047,conditional,S value templated on nozzle_diameter; resolved for this variant
Fiberlogy PCTG @COREONE HF0.5,HF0.5,0.5,1,0,PCTG,Fiberlogy,24,265,265,90,90,40,0,0.98,,0.8,,10,15,1,1,,0.042,conditional,S value templated on nozzle_diameter; resolved for this variant
Fiberlogy PCTG @COREONE HF0.6,HF0.6,0.6,1,0,PCTG,Fiberlogy,30,260,265,90,90,40,0,0.98,,0.8,,10,15,1,1,,0.033,conditional,S value templated on nozzle_diameter; resolved for this variant
Fiberlogy PCTG @COREONE HF0.8,HF0.8,0.8,1,0,PCTG,Fiberlogy,36,265,265,90,90,40,0,0.98,,0.8,,10,15,1,1,,0.021,conditional,S value templated on nozzle_diameter; resolved for this variant
Fiberlogy FiberFlex 40D @COREONE,0.4,0.4,0,0,FLEX,Fiberlogy,2.5,220,220,60,60,30,0,1.1,,2.2,60,20,60,1,1,,,,no M572 in start_filament_gcode
Fiberlogy FiberFlex 40D @COREONE 0.6,0.6,0.6,0,0,FLEX,Fiberlogy,4.5,220,220,60,60,30,0,1.1,,2.2,60,20,60,1,1,,,,no M572 in start_filament_gcode
Fiberlogy FiberFlex 40D @COREONE 0.8,0.8,0.8,0,0,FLEX,Fiberlogy,9,220,220,60,60,30,0,1.1,,2.2,60,20,60,1,1,,,,no M572 in start_filament_gcode
Fiberlogy MattFlex 40D @COREONE,0.4,0.4,0,0,FLEX,Fiberlogy,3,230,230,60,60,30,0,1.1,,2.2,60,20,60,1,1,,,,no M572 in start_filament_gcode
Fiberlogy MattFlex 40D @COREONE 0.6,0.6,0.6,0,0,FLEX,Fiberlogy,4.5,230,230,60,60,30,0,1.1,,2.2,60,20,60,1,1,,,,no M572 in start_filament_gcode
Fiberlogy MattFlex 40D @COREONE 0.8,0.8,0.8,0,0,FLEX,Fiberlogy,8,230,230,60,60,30,0,1.1,,2.2,60,20,60,1,1,,,,no M572 in start_filament_gcode
Fiberlogy FiberFlex 30D @COREONE,0.4,0.4,0,0,FLEX,Fiberlogy,2.5,220,220,55,55,30,0,1.1,,3,60,20,45,1,1,,,,no M572 in start_filament_gcode
Fiberlogy FiberFlex 30D @COREONE 0.6,0.6,0.6,0,0,FLEX,Fiberlogy,5,220,220,55,55,30,0,1.1,,3,60,20,45,1,1,,,,no M572 in start_filament_gcode
Fiberlogy FiberFlex 30D @COREONE 0.8,0.8,0.8,0,0,FLEX,Fiberlogy,8,220,220,55,55,30,0,1.1,,3,60,20,45,1,1,,,,no M572 in start_filament_gcode
Fiberlogy FiberSatin @COREONE,0.4,0.4,0,0,PLA,Fiberlogy,15,220,230,60,60,20,0,1.03,,,,85,100,1,1,,0.036,conditional,S value templated on nozzle_diameter; resolved for this variant
Fiberlogy FiberSatin @COREONE 0.6,0.6,0.6,0,0,PLA,Fiberlogy,15.5,220,230,60,60,20,0,1.03,,,,85,100,1,1,,0.022,conditional,S value templated on nozzle_diameter; resolved for this variant
Fiberlogy FiberSatin @COREONE 0.8,0.8,0.8,0,0,PLA,Fiberlogy,19,220,230,60,60,20,0,1.03,,,,85,100,1,1,,0.014,conditional,S value templated on nozzle_diameter; resolved for this variant
Fiberlogy FiberSatin @COREONE HF0.4,HF0.4,0.4,1,0,PLA,Fiberlogy,21,220,230,60,60,20,0,1.03,,,,85,100,1,1,,0.036,conditional,S value templated on nozzle_diameter; resolved for this variant
Fiberlogy FiberSatin @COREONE HF0.5,HF0.5,0.5,1,0,PLA,Fiberlogy,24,220,230,60,60,20,0,1.03,,,,85,100,1,1,,0.026,conditional,S value templated on nozzle_diameter; resolved for this variant
Fiberlogy FiberSatin @COREONE HF0.6,HF0.6,0.6,1,0,PLA,Fiberlogy,28,220,230,60,60,20,0,1.03,,,,85,100,1,1,,0.022,conditional,S value templated on nozzle_diameter; resolved for this variant
Fiberlogy FiberSatin @COREONE HF0.8,HF0.8,0.8,1,0,PLA,Fiberlogy,35,220,230,60,60,20,0,1.03,,,,85,100,1,1,,0.015,conditional,S value templated on nozzle_diameter; resolved for this variant
Fiberlogy FiberSilk @COREONE,0.4,0.4,0,0,PLA,Fiberlogy,8,230,230,60,60,20,0,0.97,,,,85,100,1,1,,0.036,conditional,S value templated on nozzle_diameter; resolved for this variant
Fiberlogy FiberSilk @COREONE 0.6,0.6,0.6,0,0,PLA,Fiberlogy,10,230,230,60,60,20,0,0.97,,,,85,100,1,1,,0.022,conditional,S value templated on nozzle_diameter; resolved for this variant
Fiberlogy FiberSilk @COREONE 0.8,0.8,0.8,0,0,PLA,Fiberlogy,14,230,230,60,60,20,0,0.97,,,,85,100,1,1,,0.014,conditional,S value templated on nozzle_diameter; resolved for this variant
Fiberlogy FiberWood @COREONE,0.4,0.4,0,0,PLA,Fiberlogy,8,185,185,60,60,20,0,1,,,,85,100,1,1,,0.036,conditional,S value templated on nozzle_diameter; resolved for this variant
Fiberlogy FiberWood @COREONE 0.6,0.6,0.6,0,0,PLA,Fiberlogy,12,185,185,60,60,20,0,1,,,,85,100,1,1,,0.022,conditional,S value templated on nozzle_diameter; resolved for this variant
Fiberlogy FiberWood @COREONE 0.8,0.8,0.8,0,0,PLA,Fiberlogy,15,195,195,60,60,20,0,1,,,,85,100,1,1,,0.014,conditional,S value templated on nozzle_diameter; resolved for this variant
Fiberlogy HD PLA @COREONE,0.4,0.4,0,0,PLA,Fiberlogy,15,230,230,60,60,20,0,1,,,,85,100,1,1,,0.036,conditional,S value templated on nozzle_diameter; resolved for this variant
Fiberlogy HD PLA @COREONE 0.6,0.6,0.6,0,0,PLA,Fiberlogy,15.5,225,230,60,60,20,0,1,,,,85,100,1,1,,0.022,conditional,S value templated on nozzle_diameter; resolved for this variant
Fiberlogy HD PLA @COREONE 0.8,0.8,0.8,0,0,PLA,Fiberlogy,19,230,230,60,60,20,0,1,,,,85,100,1,1,,0.014,conditional,S value templated on nozzle_diameter; resolved for this variant
Fiberlogy HD PLA @COREONE HF0.4,HF0.4,0.4,1,0,PLA,Fiberlogy,21,230,230,60,60,20,0,1,,,,85,100,1,1,,0.036,conditional,S value templated on nozzle_diameter; resolved for this variant
Fiberlogy HD PLA @COREONE HF0.5,HF0.5,0.5,1,0,PLA,Fiberlogy,24,230,230,60,60,20,0,1,,,,85,100,1,1,,0.026,conditional,S value templated on nozzle_diameter; resolved for this variant
Fiberlogy HD PLA @COREONE HF0.6,HF0.6,0.6,1,0,PLA,Fiberlogy,28,225,230,60,60,20,0,1,,,,85,100,1,1,,0.022,conditional,S value templated on nozzle_diameter; resolved for this variant
Fiberlogy HD PLA @COREONE HF0.8,HF0.8,0.8,1,0,PLA,Fiberlogy,35,230,230,60,60,20,0,1,,,,85,100,1,1,,0.015,conditional,S value templated on nozzle_diameter; resolved for this variant
Fiberlogy PLA Mineral @COREONE,0.4,0.4,0,0,PLA,Fiberlogy,10,190,195,60,60,20,0,0.98,,,,85,100,1,1,,0.036,conditional,S value templated on nozzle_diameter; resolved for this variant
Fiberlogy PLA Mineral @COREONE 0.6,0.6,0.6,0,0,PLA,Fiberlogy,12,190,195,60,60,20,0,0.98,,,,85,100,1,1,,0.022,conditional,S value templated on nozzle_diameter; resolved for this variant
Fiberlogy PLA Mineral @COREONE 0.8,0.8,0.8,0,0,PLA,Fiberlogy,14,200,200,60,60,20,0,0.98,,,,85,100,1,1,,0.014,conditional,S value templated on nozzle_diameter; resolved for this variant
Fiberlogy Impact PLA @COREONE,0.4,0.4,0,0,PLA,Fiberlogy,15,230,230,60,60,20,0,1,,,,85,100,1,1,,0.036,conditional,S value templated on nozzle_diameter; resolved for this variant
Fiberlogy Impact PLA @COREONE 0.6,0.6,0.6,0,0,PLA,Fiberlogy,15.5,230,230,60,60,20,0,1,,,,85,100,1,1,,0.022,conditional,S value templated on nozzle_diameter; resolved for this variant
Fiberlogy Impact PLA @COREONE 0.8,0.8,0.8,0,0,PLA,Fiberlogy,19,230,230,60,60,20,0,1,,,,85,100,1,1,,0.014,conditional,S value templated on nozzle_diameter; resolved for this variant
Fiberlogy Impact PLA @COREONE HF0.4,HF0.4,0.4,1,0,PLA,Fiberlogy,21,230,230,60,60,20,0,1,,,,85,100,1,1,,0.036,conditional,S value templated on nozzle_diameter; resolved for this variant
Fiberlogy Impact PLA @COREONE HF0.5,HF0.5,0.5,1,0,PLA,Fiberlogy,24,230,230,60,60,20,0,1,,,,85,100,1,1,,0.026,conditional,S value templated on nozzle_diameter; resolved for this variant
Fiberlogy Impact PLA @COREONE HF0.6,HF0.6,0.6,1,0,PLA,Fiberlogy,28,230,230,60,60,20,0,1,,,,85,100,1,1,,0.022,conditional,S value templated on nozzle_diameter; resolved for this variant
Fiberlogy Impact PLA @COREONE HF0.8,HF0.8,0.8,1,0,PLA,Fiberlogy,35,230,230,60,60,20,0,1,,,,85,100,1,1,,0.015,conditional,S value templated on nozzle_diameter; resolved for this variant
Fiberlogy Nylon PA12 @COREONE,0.4,0.4,0,0,PA,Fiberlogy,6,265,265,110,105,55,40,1,,,,10,15,1,0,0.28%,0.05,conditional,S value templated on nozzle_diameter; resolved for this variant
Fiberlogy Nylon PA12 @COREONE 0.6,0.6,0.6,0,0,PA,Fiberlogy,8,265,265,110,105,55,40,1,,,,10,15,1,0,0.28%,0.025,conditional,S value templated on nozzle_diameter; resolved for this variant
Fiberlogy Nylon PA12 @COREONE 0.8,0.8,0.8,0,0,PA,Fiberlogy,11,265,265,110,105,55,40,1,,,,10,15,1,0,0.28%,0.016,conditional,S value templated on nozzle_diameter; resolved for this variant
Fiberlogy Nylon PA12+CF15 @COREONE,0.4,0.4,0,0,PA,Fiberlogy,8,265,265,110,105,55,40,0.97,1,,,10,15,1,0,0%,0.05,conditional,S value templated on nozzle_diameter; resolved for this variant
Fiberlogy Nylon PA12+CF15 @COREONE 0.6,0.6,0.6,0,0,PA,Fiberlogy,10,265,265,110,105,55,40,0.97,1,,,10,15,1,0,0%,0.025,conditional,S value templated on nozzle_diameter; resolved for this variant
Fiberlogy Nylon PA12+CF15 @COREONE 0.8,0.8,0.8,0,0,PA,Fiberlogy,12,265,265,110,105,55,40,0.97,1,,,10,15,1,0,0%,0.016,conditional,S value templated on nozzle_diameter; resolved for this variant
Fiberlogy Nylon PA12+GF15 @COREONE,0.4,0.4,0,0,PA,Fiberlogy,8,265,265,110,105,55,40,0.97,1,,,10,15,1,0,0%,0.05,conditional,S value templated on nozzle_diameter; resolved for this variant
Fiberlogy Nylon PA12+GF15 @COREONE 0.6,0.6,0.6,0,0,PA,Fiberlogy,10,265,265,110,105,55,40,0.97,1,,,10,15,1,0,0%,0.025,conditional,S value templated on nozzle_diameter; resolved for this variant
Fiberlogy Nylon PA12+GF15 @COREONE 0.8,0.8,0.8,0,0,PA,Fiberlogy,12,265,265,110,105,55,40,0.97,1,,,10,15,1,0,0%,0.016,conditional,S value templated on nozzle_diameter; resolved for this variant
Fiberlogy PP @COREONE,0.4,0.4,0,0,PP,Fiberlogy,5,245,245,100,100,0,0,1.05,,,60,10,15,1,0,0%,,,no M572 in start_filament_gcode
Fiberlogy PP @COREONE 0.6,0.6,0.6,0,0,PP,Fiberlogy,7,245,245,100,100,0,0,1.05,,,60,10,15,1,0,0%,,,no M572 in start_filament_gcode
Fiberlogy PP @COREONE 0.8,0.8,0.8,0,0,PP,Fiberlogy,10,250,250,100,100,0,0,1.05,,,60,10,15,1,0,0%,,,no M572 in start_filament_gcode
ROSA3D PLA Starter @COREONE,0.4,0.4,0,0,PLA,ROSA3D Filaments,15,220,220,60,60,20,0,1,,,,85,100,1,1,,0.036,conditional,S value templated on nozzle_diameter; resolved for this variant
ROSA3D PLA Starter @COREONE 0.6,0.6,0.6,0,0,PLA,ROSA3D Filaments,15.5,225,225,60,60,20,0,1,,,,85,100,1,1,,0.022,conditional,S value templated on nozzle_diameter; resolved for this variant
ROSA3D PLA Starter @COREONE 0.8,0.8,0.8,0,0,PLA,ROSA3D Filaments,19,225,225,60,60,20,0,1,,,,85,100,1,1,,0.014,conditional,S value templated on nozzle_diameter; resolved for this variant
ROSA3D PLA Starter @COREONE HF0.4,HF0.4,0.4,1,0,PLA,ROSA3D Filaments,21,220,220,60,60,20,0,1,,,,85,100,1,1,,0.036,conditional,S value templated on nozzle_diameter; resolved for this variant
ROSA3D PLA Starter @COREONE HF0.5,HF0.5,0.5,1,0,PLA,ROSA3D Filaments,24,220,220,60,60,20,0,1,,,,85,100,1,1,,0.026,conditional,S value templated on nozzle_diameter; resolved for this variant
ROSA3D PLA Starter @COREONE HF0.6,HF0.6,0.6,1,0,PLA,ROSA3D Filaments,28,225,225,60,60,20,0,1,,,,85,100,1,1,,0.022,conditional,S value templated on nozzle_diameter; resolved for this variant
ROSA3D PLA Starter @COREONE HF0.8,HF0.8,0.8,1,0,PLA,ROSA3D Filaments,35,225,225,60,60,20,0,1,,,,85,100,1,1,,0.015,conditional,S value templated on nozzle_diameter; resolved for this variant
ROSA3D PLA Silk @COREONE,0.4,0.4,0,0,PLA,ROSA3D Filaments,7,225,225,60,60,20,0,1,,,,85,100,1,1,,0.036,conditional,S value templated on nozzle_diameter; resolved for this variant
ROSA3D PLA Silk @COREONE 0.6,0.6,0.6,0,0,PLA,ROSA3D Filaments,9,225,215,60,60,20,0,1,,,,85,100,1,1,,0.022,conditional,S value templated on nozzle_diameter; resolved for this variant
ROSA3D PLA Silk @COREONE 0.8,0.8,0.8,0,0,PLA,ROSA3D Filaments,19,225,225,60,60,20,0,1,,,,85,100,1,1,,0.014,conditional,S value templated on nozzle_diameter; resolved for this variant
ROSA3D PETG Standard @COREONE,0.4,0.4,0,0,PETG,ROSA3D Filaments,12,235,235,85,85,35,0,1,,0.8,,30,60,1,1,,0.053,conditional,S value templated on nozzle_diameter; resolved for this variant
ROSA3D PETG Standard @COREONE 0.6,0.6,0.6,0,0,PETG,ROSA3D Filaments,15,235,235,85,85,35,0,1,,0.8,,30,60,1,1,,0.032,conditional,S value templated on nozzle_diameter; resolved for this variant
ROSA3D PETG Standard @COREONE 0.8,0.8,0.8,0,0,PETG,ROSA3D Filaments,22,235,235,85,85,35,0,1,,0.8,,30,65,1,1,,0.018,conditional,S value templated on nozzle_diameter; resolved for this variant
ROSA3D PETG Standard @COREONE HF0.4,HF0.4,0.4,1,0,PETG,ROSA3D Filaments,22,235,235,85,85,35,0,1,,0.8,,30,60,1,1,,0.047,conditional,S value templated on nozzle_diameter; resolved for this variant
ROSA3D PETG Standard @COREONE HF0.5,HF0.5,0.5,1,0,PETG,ROSA3D Filaments,24,235,235,85,85,35,0,1,,0.8,,30,60,1,1,,0.042,conditional,S value templated on nozzle_diameter; resolved for this variant
ROSA3D PETG Standard @COREONE HF0.6,HF0.6,0.6,1,0,PETG,ROSA3D Filaments,30,235,235,85,85,35,0,1,,0.8,,30,60,1,1,,0.033,conditional,S value templated on nozzle_diameter; resolved for this variant
ROSA3D PETG Standard @COREONE HF0.8,HF0.8,0.8,1,0,PETG,ROSA3D Filaments,36,235,235,85,85,35,0,1,,0.8,,30,65,1,1,,0.021,conditional,S value templated on nozzle_diameter; resolved for this variant
Filament PM PLA @COREONE,0.4,0.4,0,0,PLA,Filament PM,15,220,230,60,60,20,0,1,,,,85,100,1,1,,0.036,conditional,S value templated on nozzle_diameter; resolved for this variant
Filament PM PLA @COREONE 0.6,0.6,0.6,0,0,PLA,Filament PM,15,210,230,60,60,20,0,1,,,,85,100,1,1,,0.022,conditional,S value templated on nozzle_diameter; resolved for this variant
Filament PM PLA @COREONE 0.8,0.8,0.8,0,0,PLA,Filament PM,19,220,220,60,60,20,0,1,,,,85,100,1,1,,0.014,conditional,S value templated on nozzle_diameter; resolved for this variant
Filament PM PLA @COREONE HF0.4,HF0.4,0.4,1,0,PLA,Filament PM,21,220,230,60,60,20,0,1,,,,85,100,1,1,,0.036,conditional,S value templated on nozzle_diameter; resolved for this variant
Filament PM PLA @COREONE HF0.5,HF0.5,0.5,1,0,PLA,Filament PM,24,225,230,60,60,20,0,1,,,,85,100,1,1,,0.026,conditional,S value templated on nozzle_diameter; resolved for this variant
Filament PM PLA @COREONE HF0.6,HF0.6,0.6,1,0,PLA,Filament PM,28,225,230,60,60,20,0,1,,,,85,100,1,1,,0.022,conditional,S value templated on nozzle_diameter; resolved for this variant
Filament PM PLA @COREONE HF0.8,HF0.8,0.8,1,0,PLA,Filament PM,35,225,230,60,60,20,0,1,,,,85,100,1,1,,0.015,conditional,S value templated on nozzle_diameter; resolved for this variant
Filament PM PLA+ @COREONE,0.4,0.4,0,0,PLA,Filament PM,15,220,230,60,60,20,0,1,,,,35,55,1,1,,0.036,conditional,S value templated on nozzle_diameter; resolved for this variant
Filament PM PLA+ @COREONE 0.6,0.6,0.6,0,0,PLA,Filament PM,15.5,220,230,60,60,20,0,1,,,,35,55,1,1,,0.022,conditional,S value templated on nozzle_diameter; resolved for this variant
Filament PM PLA+ @COREONE 0.8,0.8,0.8,0,0,PLA,Filament PM,19,220,230,60,60,20,0,1,,,,35,55,1,1,,0.014,conditional,S value templated on nozzle_diameter; resolved for this variant
Filament PM PLA+ @COREONE HF0.4,HF0.4,0.4,1,0,PLA,Filament PM,21,225,230,60,60,20,0,1,,,,35,55,1,1,,0.036,conditional,S value templated on nozzle_diameter; resolved for this variant
Filament PM PLA+ @COREONE HF0.5,HF0.5,0.5,1,0,PLA,Filament PM,24,225,230,60,60,20,0,1,,,,35,55,1,1,,0.026,conditional,S value templated on nozzle_diameter; resolved for this variant
Filament PM PLA+ @COREONE HF0.6,HF0.6,0.6,1,0,PLA,Filament PM,28,225,230,60,60,20,0,1,,,,35,55,1,1,,0.022,conditional,S value templated on nozzle_diameter; resolved for this variant
Filament PM PLA+ @COREONE HF0.8,HF0.8,0.8,1,0,PLA,Filament PM,35,225,230,60,60,20,0,1,,,,35,55,1,1,,0.015,conditional,S value templated on nozzle_diameter; resolved for this variant
Filament PM ASA @COREONE,0.4,0.4,0,0,ASA,Filament PM,15,255,255,105,105,55,40,1,,,,15,20,1,1,0.22%,0.02,conditional,S value templated on nozzle_diameter; resolved for this variant
Filament PM ASA @COREONE 0.6,0.6,0.6,0,0,ASA,Filament PM,15,255,255,105,105,55,40,1,,,,15,20,1,1,0.22%,0.012,conditional,S value templated on nozzle_diameter; resolved for this variant
Filament PM ASA @COREONE 0.8,0.8,0.8,0,0,ASA,Filament PM,18,255,255,105,105,55,40,1,,,,15,20,1,1,0.22%,0.01,conditional,S value templated on nozzle_diameter; resolved for this variant
Filament PM ASA @COREONE HF0.4,HF0.4,0.4,1,0,ASA,Filament PM,25,255,255,105,105,55,40,1,,,,15,20,1,1,0.22%,0.02,conditional,S value templated on nozzle_diameter; resolved for this variant
Filament PM ASA @COREONE HF0.5,HF0.5,0.5,1,0,ASA,Filament PM,27,255,255,105,105,55,40,1,,,,15,20,1,1,0.22%,0.018,conditional,S value templated on nozzle_diameter; resolved for this variant
Filament PM ASA @COREONE HF0.6,HF0.6,0.6,1,0,ASA,Filament PM,34,255,255,105,105,55,40,1,,,,15,20,1,1,0.22%,0.015,conditional,S value templated on nozzle_diameter; resolved for this variant
Filament PM ASA @COREONE HF0.8,HF0.8,0.8,1,0,ASA,Filament PM,36,255,255,105,105,55,40,1,,,,15,20,1,1,0.22%,0.01,conditional,S value templated on nozzle_diameter; resolved for this variant
Filament PM CFJet @COREONE,0.4,0.4,0,0,PETG,Filament PM,12,255,245,90,85,35,0,1,1,0.8,,30,60,1,1,,0.053,conditional,S value templated on nozzle_diameter; resolved for this variant
Filament PM CFJet @COREONE 0.6,0.6,0.6,0,0,PETG,Filament PM,17,255,245,90,85,35,0,1,1,0.8,,30,60,1,1,,0.032,conditional,S value templated on nozzle_diameter; resolved for this variant
Filament PM CFJet @COREONE 0.8,0.8,0.8,0,0,PETG,Filament PM,22,255,245,90,85,,,1,1,0.8,,25,45,1,1,,0.018,conditional,S value templated on nozzle_diameter; resolved for this variant
Filament PM PAJet @COREONE,0.4,0.4,0,0,PA,Filament PM,7,245,245,115,110,55,40,1.1,,1,,15,15,0,0,0.28%,0.05,conditional,S value templated on nozzle_diameter; resolved for this variant
Filament PM PAJet @COREONE 0.6,0.6,0.6,0,0,PA,Filament PM,7,245,245,115,110,55,40,1.1,,1,,15,15,0,0,0.28%,0.025,conditional,S value templated on nozzle_diameter; resolved for this variant
Filament PM PAJet @COREONE 0.8,0.8,0.8,0,0,PA,Filament PM,10,245,245,115,110,55,40,1.1,,1,,15,15,0,0,0.28%,0.016,conditional,S value templated on nozzle_diameter; resolved for this variant
Filament PM PA-CFJet @COREONE,0.4,0.4,0,0,PA,Filament PM,5,245,245,115,110,55,40,1.02,1,1,,15,15,0,0,0%,0.05,conditional,S value templated on nozzle_diameter; resolved for this variant
Filament PM PA-CFJet @COREONE 0.6,0.6,0.6,0,0,PA,Filament PM,7,245,245,115,110,55,40,1.02,1,1,,15,15,0,0,0%,0.025,conditional,S value templated on nozzle_diameter; resolved for this variant
Filament PM PA-CFJet @COREONE 0.8,0.8,0.8,0,0,PA,Filament PM,10,245,245,115,110,55,40,1.02,1,1,,15,15,0,0,0%,0.016,conditional,S value templated on nozzle_diameter; resolved for this variant
Filament PM FRJet @COREONE,0.4,0.4,0,0,PETG,Filament PM,12,240,240,90,85,35,0,0.95,,0.8,,30,60,0,0,,0.053,conditional,S value templated on nozzle_diameter; resolved for this variant
Filament PM FRJet @COREONE 0.6,0.6,0.6,0,0,PETG,Filament PM,17,240,240,90,85,35,0,0.95,,0.8,,30,60,0,0,,0.032,conditional,S value templated on nozzle_diameter; resolved for this variant
Filament PM FRJet @COREONE 0.8,0.8,0.8,0,0,PETG,Filament PM,22,240,240,90,85,35,0,0.95,,0.8,,30,65,0,0,,0.018,conditional,S value templated on nozzle_diameter; resolved for this variant
Filament PM PC-ABS @COREONE,0.4,0.4,0,0,PC,Filament PM,12,275,275,110,110,55,40,1,,,,12,12,0,0,0.18%,0.05,conditional,S value templated on nozzle_diameter; resolved for this variant
Filament PM PC-ABS @COREONE 0.6,0.6,0.6,0,0,PC,Filament PM,14,275,275,110,110,55,40,1,,,,15,15,0,0,0.18%,0.025,conditional,S value templated on nozzle_diameter; resolved for this variant
Filament PM PC-ABS @COREONE 0.8,0.8,0.8,0,0,PC,Filament PM,18,275,275,110,110,55,40,1,,,,15,15,0,0,0.18%,0.016,conditional,S value templated on nozzle_diameter; resolved for this variant
Filament PM PPJet @COREONE,0.4,0.4,0,0,PP,Filament PM,3,230,235,110,110,0,0,1.15,,2.5,60,20,30,1,1,,,,no M572 in start_filament_gcode
Filament PM PPJet @COREONE 0.6,0.6,0.6,0,0,PP,Filament PM,4.5,230,235,110,110,0,0,1.15,,2.5,60,20,30,1,1,,,,no M572 in start_filament_gcode
Filament PM PPJet @COREONE 0.8,0.8,0.8,0,0,PP,Filament PM,6,230,235,110,110,0,0,1.15,,2.5,60,20,30,1,1,,,,no M572 in start_filament_gcode
Filament PM TPE88 RubberJet @COREONE,0.4,0.4,0,0,FLEX,Filament PM,3,240,240,0,0,30,0,1.14,,2.5,60,10,10,0,1,,,,no M572 in start_filament_gcode
Filament PM TPE88 RubberJet @COREONE 0.6,0.6,0.6,0,0,FLEX,Filament PM,4,235,240,0,0,30,0,1.14,,2.5,60,10,10,0,1,,,,no M572 in start_filament_gcode
Filament PM TPE88 RubberJet @COREONE 0.8,0.8,0.8,0,0,FLEX,Filament PM,5,240,240,0,0,30,0,1.14,,2.5,60,10,10,0,1,,,,no M572 in start_filament_gcode
AmazonBasics PLA @COREONE,0.4,0.4,0,0,PLA,AmazonBasics,15,220,230,60,60,20,0,1,,,,85,100,1,1,,0.036,conditional,S value templated on nozzle_diameter; resolved for this variant
AmazonBasics PLA @COREONE 0.6,0.6,0.6,0,0,PLA,AmazonBasics,15,210,230,60,60,20,0,1,,,,85,100,1,1,,0.022,conditional,S value templated on nozzle_diameter; resolved for this variant
AmazonBasics PLA @COREONE 0.8,0.8,0.8,0,0,PLA,AmazonBasics,19,220,230,60,60,20,0,1,,,,85,100,1,1,,0.014,conditional,S value templated on nozzle_diameter; resolved for this variant
AmazonBasics PLA @COREONE HF0.4,HF0.4,0.4,1,0,PLA,AmazonBasics,21,220,230,60,60,20,0,1,,,,85,100,1,1,,0.036,conditional,S value templated on nozzle_diameter; resolved for this variant
AmazonBasics PLA @COREONE HF0.5,HF0.5,0.5,1,0,PLA,AmazonBasics,24,220,230,60,60,20,0,1,,,,85,100,1,1,,0.026,conditional,S value templated on nozzle_diameter; resolved for this variant
AmazonBasics PLA @COREONE HF0.6,HF0.6,0.6,1,0,PLA,AmazonBasics,28,220,230,60,60,20,0,1,,,,85,100,1,1,,0.022,conditional,S value templated on nozzle_diameter; resolved for this variant
AmazonBasics PLA @COREONE HF0.8,HF0.8,0.8,1,0,PLA,AmazonBasics,35,220,230,60,60,20,0,1,,,,85,100,1,1,,0.015,conditional,S value templated on nozzle_diameter; resolved for this variant
Elegoo PLA @COREONE,0.4,0.4,0,0,PLA,Elegoo,15,220,230,60,60,20,0,1,,,,85,100,1,1,,0.02,conditional,S value templated on nozzle_diameter; resolved for this variant
Elegoo PLA @COREONE 0.6,0.6,0.6,0,0,PLA,Elegoo,15.5,220,230,60,60,20,0,1,,,,85,100,1,1,,0.014,conditional,S value templated on nozzle_diameter; resolved for this variant
Elegoo PLA @COREONE 0.8,0.8,0.8,0,0,PLA,Elegoo,19,220,230,60,60,20,0,1,,,,85,100,1,1,,0.01,conditional,S value templated on nozzle_diameter; resolved for this variant
Elegoo PLA @COREONE HF0.4,HF0.4,0.4,1,0,PLA,Elegoo,21,220,230,60,60,20,0,1,,,,85,100,1,1,,0.02,conditional,S value templated on nozzle_diameter; resolved for this variant
Elegoo PLA @COREONE HF0.5,HF0.5,0.5,1,0,PLA,Elegoo,24,220,230,60,60,20,0,1,,,,85,100,1,1,,0.016,conditional,S value templated on nozzle_diameter; resolved for this variant
Elegoo PLA @COREONE HF0.6,HF0.6,0.6,1,0,PLA,Elegoo,28,220,230,60,60,20,0,1,,,,85,100,1,1,,0.014,conditional,S value templated on nozzle_diameter; resolved for this variant
Elegoo PLA @COREONE HF0.8,HF0.8,0.8,1,0,PLA,Elegoo,35,220,230,60,60,20,0,1,,,,85,100,1,1,,0.01,conditional,S value templated on nozzle_diameter; resolved for this variant
Elegoo Rapid PETG @COREONE,0.4,0.4,0,0,PETG,Elegoo,14,250,250,85,85,35,0,1,,0.8,,30,60,1,1,,0.038,conditional,S value templated on nozzle_diameter; resolved for this variant
Elegoo Rapid PETG @COREONE 0.6,0.6,0.6,0,0,PETG,Elegoo,17,250,250,85,85,35,0,1,,0.8,,30,60,1,1,,0.023,conditional,S value templated on nozzle_diameter; resolved for this variant
Elegoo Rapid PETG @COREONE 0.8,0.8,0.8,0,0,PETG,Elegoo,22,250,250,85,85,35,0,1,,0.8,,30,65,1,1,,0.012,conditional,S value templated on nozzle_diameter; resolved for this variant
Elegoo Rapid PETG @COREONE HF0.4,HF0.4,0.4,1,0,PETG,Elegoo,25,250,250,85,85,35,0,1,,0.8,,30,60,1,1,,0.038,conditional,S value templated on nozzle_diameter; resolved for this variant
Elegoo Rapid PETG @COREONE HF0.5,HF0.5,0.5,1,0,PETG,Elegoo,28,250,250,85,85,35,0,1,,0.8,,30,60,1,1,,0.03,conditional,S value templated on nozzle_diameter; resolved for this variant
Elegoo Rapid PETG @COREONE HF0.6,HF0.6,0.6,1,0,PETG,Elegoo,32,250,250,85,85,35,0,1,,0.8,,30,60,1,1,,0.023,conditional,S value templated on nozzle_diameter; resolved for this variant
Elegoo Rapid PETG @COREONE HF0.8,HF0.8,0.8,1,0,PETG,Elegoo,39,260,260,85,85,35,0,1,,0.8,,30,65,1,1,,0.012,conditional,S value templated on nozzle_diameter; resolved for this variant
Elegoo Rapid PLA+ @COREONE,0.4,0.4,0,0,PLA,Elegoo,17,230,230,60,60,20,0,1,,,,85,100,1,1,,0.027,conditional,S value templated on nozzle_diameter; resolved for this variant
Elegoo Rapid PLA+ @COREONE 0.6,0.6,0.6,0,0,PLA,Elegoo,18,230,230,60,60,20,0,1,,,,85,100,1,1,,0.016,conditional,S value templated on nozzle_diameter; resolved for this variant
Elegoo Rapid PLA+ @COREONE 0.8,0.8,0.8,0,0,PLA,Elegoo,20,230,230,60,60,20,0,1,,,,85,100,1,1,,0.011,conditional,S value templated on nozzle_diameter; resolved for this variant
Elegoo Rapid PLA+ @COREONE HF0.4,HF0.4,0.4,1,0,PLA,Elegoo,25,230,230,60,60,20,0,1,,,,85,100,1,1,,0.027,conditional,S value templated on nozzle_diameter; resolved for this variant
Elegoo Rapid PLA+ @COREONE HF0.5,HF0.5,0.5,1,0,PLA,Elegoo,26,230,230,60,60,20,0,1,,,,85,100,1,1,,0.019,conditional,S value templated on nozzle_diameter; resolved for this variant
Elegoo Rapid PLA+ @COREONE HF0.6,HF0.6,0.6,1,0,PLA,Elegoo,32,230,230,60,60,20,0,1,,,,85,100,1,1,,0.016,conditional,S value templated on nozzle_diameter; resolved for this variant
Elegoo Rapid PLA+ @COREONE HF0.8,HF0.8,0.8,1,0,PLA,Elegoo,37,230,230,60,60,20,0,1,,,,85,100,1,1,,0.011,conditional,S value templated on nozzle_diameter; resolved for this variant
3DJAKE ecoPLA @COREONE,0.4,0.4,0,0,PLA,3DJAKE,14,220,230,60,60,20,0,1.01,,,,85,100,1,1,,0.03,conditional,S value templated on nozzle_diameter; resolved for this variant
3DJAKE ecoPLA @COREONE 0.6,0.6,0.6,0,0,PLA,3DJAKE,15.5,220,230,60,60,20,0,1.01,,,,85,100,1,1,,0.018,conditional,S value templated on nozzle_diameter; resolved for this variant
3DJAKE ecoPLA @COREONE 0.8,0.8,0.8,0,0,PLA,3DJAKE,19,220,230,60,60,20,0,1.01,,,,85,100,1,1,,0.012,conditional,S value templated on nozzle_diameter; resolved for this variant
3DJAKE ecoPLA @COREONE HF0.4,HF0.4,0.4,1,0,PLA,3DJAKE,21,220,230,60,60,20,0,1.01,,,,85,100,1,1,,0.03,conditional,S value templated on nozzle_diameter; resolved for this variant
3DJAKE ecoPLA @COREONE HF0.5,HF0.5,0.5,1,0,PLA,3DJAKE,24,220,230,60,60,20,0,1.01,,,,85,100,1,1,,0.021,conditional,S value templated on nozzle_diameter; resolved for this variant
3DJAKE ecoPLA @COREONE HF0.6,HF0.6,0.6,1,0,PLA,3DJAKE,28,220,230,60,60,20,0,1.01,,,,85,100,1,1,,0.018,conditional,S value templated on nozzle_diameter; resolved for this variant
3DJAKE ecoPLA @COREONE HF0.8,HF0.8,0.8,1,0,PLA,3DJAKE,35,220,230,60,60,20,0,1.01,,,,85,100,1,1,,0.012,conditional,S value templated on nozzle_diameter; resolved for this variant
Sunlu PLA+ 2.0 @COREONE,0.4,0.4,0,0,PLA,Sunlu,17,220,230,60,60,20,0,1,,,,85,100,1,1,,0.028,conditional,S value templated on nozzle_diameter; resolved for this variant
Sunlu PLA+ 2.0 @COREONE 0.6,0.6,0.6,0,0,PLA,Sunlu,18,220,230,60,60,20,0,1,,,,85,100,1,1,,0.017,conditional,S value templated on nozzle_diameter; resolved for this variant
Sunlu PLA+ 2.0 @COREONE 0.8,0.8,0.8,0,0,PLA,Sunlu,20,220,230,60,60,20,0,1,,,,85,100,1,1,,0.01,conditional,S value templated on nozzle_diameter; resolved for this variant
Sunlu PLA+ 2.0 @COREONE HF0.4,HF0.4,0.4,1,0,PLA,Sunlu,25,220,230,60,60,20,0,1,,,,85,100,1,1,,0.028,conditional,S value templated on nozzle_diameter; resolved for this variant
Sunlu PLA+ 2.0 @COREONE HF0.5,HF0.5,0.5,1,0,PLA,Sunlu,26,220,230,60,60,20,0,1,,,,85,100,1,1,,0.019,conditional,S value templated on nozzle_diameter; resolved for this variant
Sunlu PLA+ 2.0 @COREONE HF0.6,HF0.6,0.6,1,0,PLA,Sunlu,32,220,230,60,60,20,0,1,,,,85,100,1,1,,0.017,conditional,S value templated on nozzle_diameter; resolved for this variant
Sunlu PLA+ 2.0 @COREONE HF0.8,HF0.8,0.8,1,0,PLA,Sunlu,37,220,230,60,60,20,0,1,,,,85,100,1,1,,0.01,conditional,S value templated on nozzle_diameter; resolved for this variant
Sunlu PLA @COREONE,0.4,0.4,0,0,PLA,Sunlu,14,220,230,60,60,20,0,1,,,,85,100,1,1,,0.03,conditional,S value templated on nozzle_diameter; resolved for this variant
Sunlu PLA @COREONE 0.6,0.6,0.6,0,0,PLA,Sunlu,15.5,220,230,60,60,20,0,1,,,,85,100,1,1,,0.018,conditional,S value templated on nozzle_diameter; resolved for this variant
Sunlu PLA @COREONE 0.8,0.8,0.8,0,0,PLA,Sunlu,19,220,230,60,60,20,0,1,,,,85,100,1,1,,0.012,conditional,S value templated on nozzle_diameter; resolved for this variant
Sunlu PLA @COREONE HF0.4,HF0.4,0.4,1,0,PLA,Sunlu,20,220,230,60,60,20,0,1,,,,85,100,1,1,,0.03,conditional,S value templated on nozzle_diameter; resolved for this variant
Sunlu PLA @COREONE HF0.5,HF0.5,0.5,1,0,PLA,Sunlu,22,220,230,60,60,20,0,1,,,,85,100,1,1,,0.021,conditional,S value templated on nozzle_diameter; resolved for this variant
Sunlu PLA @COREONE HF0.6,HF0.6,0.6,1,0,PLA,Sunlu,28,220,230,60,60,20,0,1,,,,85,100,1,1,,0.018,conditional,S value templated on nozzle_diameter; resolved for this variant
Sunlu PLA @COREONE HF0.8,HF0.8,0.8,1,0,PLA,Sunlu,32,220,230,60,60,20,0,1,,,,85,100,1,1,,0.012,conditional,S value templated on nozzle_diameter; resolved for this variant
Sunlu PETG @COREONE,0.4,0.4,0,0,PETG,Sunlu,11,245,245,85,85,35,0,1,,0.8,,30,60,1,1,,0.048,conditional,S value templated on nozzle_diameter; resolved for this variant
Sunlu PETG @COREONE 0.6,0.6,0.6,0,0,PETG,Sunlu,17,245,245,85,85,35,0,1,,0.8,,30,60,1,1,,0.032,conditional,S value templated on nozzle_diameter; resolved for this variant
Sunlu PETG @COREONE 0.8,0.8,0.8,0,0,PETG,Sunlu,22,245,245,85,85,35,0,1,,0.8,,30,65,1,1,,0.018,conditional,S value templated on nozzle_diameter; resolved for this variant
Sunlu PETG @COREONE HF0.4,HF0.4,0.4,1,0,PETG,Sunlu,20,250,250,85,85,35,0,1,,0.8,,30,60,1,1,,0.045,conditional,S value templated on nozzle_diameter; resolved for this variant
Sunlu PETG @COREONE HF0.5,HF0.5,0.5,1,0,PETG,Sunlu,24,245,245,85,85,35,0,1,,0.8,,30,60,1,1,,0.04,conditional,S value templated on nozzle_diameter; resolved for this variant
Sunlu PETG @COREONE HF0.6,HF0.6,0.6,1,0,PETG,Sunlu,28,245,245,85,85,35,0,1,,0.8,,30,60,1,1,,0.032,conditional,S value templated on nozzle_diameter; resolved for this variant
Sunlu PETG @COREONE HF0.8,HF0.8,0.8,1,0,PETG,Sunlu,35,260,260,85,85,35,0,1,,0.8,,30,65,1,1,,0.02,conditional,S value templated on nozzle_diameter; resolved for this variant
Numakers PLA+ @COREONE,0.4,0.4,0,0,PLA,Numakers,15,220,230,60,60,20,0,1,,,,85,100,1,1,,0.032,conditional,S value templated on nozzle_diameter; resolved for this variant
Numakers PLA+ @COREONE 0.6,0.6,0.6,0,0,PLA,Numakers,15.5,220,230,60,60,20,0,1,,,,85,100,1,1,,0.019,conditional,S value templated on nozzle_diameter; resolved for this variant
Numakers PLA+ @COREONE 0.8,0.8,0.8,0,0,PLA,Numakers,19,220,230,60,60,20,0,1,,,,85,100,1,1,,0.013,conditional,S value templated on nozzle_diameter; resolved for this variant
Numakers PLA+ @COREONE HF0.4,HF0.4,0.4,1,0,PLA,Numakers,21,220,230,60,60,20,0,1,,,,85,100,1,1,,0.032,conditional,S value templated on nozzle_diameter; resolved for this variant
Numakers PLA+ @COREONE HF0.5,HF0.5,0.5,1,0,PLA,Numakers,22,225,230,60,60,20,0,1,,,,85,100,1,1,,0.022,conditional,S value templated on nozzle_diameter; resolved for this variant
Numakers PLA+ @COREONE HF0.6,HF0.6,0.6,1,0,PLA,Numakers,26,225,230,60,60,20,0,1,,,,85,100,1,1,,0.019,conditional,S value templated on nozzle_diameter; resolved for this variant
Numakers PLA+ @COREONE HF0.8,HF0.8,0.8,1,0,PLA,Numakers,31,225,230,60,60,20,0,1,,,,85,100,1,1,,0.013,conditional,S value templated on nozzle_diameter; resolved for this variant
Numakers PLA Silk @COREONE,0.4,0.4,0,0,PLA,Numakers,7,225,230,60,60,20,0,1.03,,,,85,100,1,1,,0.03,conditional,S value templated on nozzle_diameter; resolved for this variant
Numakers PLA Silk @COREONE 0.6,0.6,0.6,0,0,PLA,Numakers,9,225,230,60,60,20,0,1.03,,,,85,100,1,1,,0.018,conditional,S value templated on nozzle_diameter; resolved for this variant
Numakers PLA Silk @COREONE 0.8,0.8,0.8,0,0,PLA,Numakers,12,225,230,60,60,20,0,1.03,,,,85,100,1,1,,0.012,conditional,S value templated on nozzle_diameter; resolved for this variant
Numakers PETG-HS @COREONE,0.4,0.4,0,0,PETG,Numakers,12,235,245,85,85,35,0,1.02,,0.8,,30,60,1,1,,0.053,conditional,S value templated on nozzle_diameter; resolved for this variant
Numakers PETG-HS @COREONE 0.6,0.6,0.6,0,0,PETG,Numakers,17,235,245,85,85,35,0,1.02,,0.8,,30,60,1,1,,0.032,conditional,S value templated on nozzle_diameter; resolved for this variant
Numakers PETG-HS @COREONE 0.8,0.8,0.8,0,0,PETG,Numakers,22,235,245,85,85,35,0,1.02,,0.8,,30,65,1,1,,0.018,conditional,S value templated on nozzle_diameter; resolved for this variant
Numakers PETG-HS @COREONE HF0.4,HF0.4,0.4,1,0,PETG,Numakers,20,235,245,85,85,35,0,1.02,,0.8,,30,60,1,1,,0.047,conditional,S value templated on nozzle_diameter; resolved for this variant
Numakers PETG-HS @COREONE HF0.5,HF0.5,0.5,1,0,PETG,Numakers,24,235,245,85,85,35,0,1.02,,0.8,,30,60,1,1,,0.042,conditional,S value templated on nozzle_diameter; resolved for this variant
Numakers PETG-HS @COREONE HF0.6,HF0.6,0.6,1,0,PETG,Numakers,30,235,245,85,85,35,0,1.02,,0.8,,30,60,1,1,,0.033,conditional,S value templated on nozzle_diameter; resolved for this variant
Numakers PETG-HS @COREONE HF0.8,HF0.8,0.8,1,0,PETG,Numakers,36,235,245,85,85,35,0,1.02,,0.8,,30,65,1,1,,0.021,conditional,S value templated on nozzle_diameter; resolved for this variant
Numakers PLA Matte @COREONE,0.4,0.4,0,0,PLA,Numakers,15,230,235,60,60,20,0,1.027,,,,85,100,1,1,,0.02,conditional,S value templated on nozzle_diameter; resolved for this variant
Numakers PLA Matte @COREONE 0.6,0.6,0.6,0,0,PLA,Numakers,15.5,230,235,60,60,20,0,1.027,,,,85,100,1,1,,0.014,conditional,S value templated on nozzle_diameter; resolved for this variant
Numakers PLA Matte @COREONE 0.8,0.8,0.8,0,0,PLA,Numakers,19,230,235,60,60,20,0,1.027,,,,85,100,1,1,,0.01,conditional,S value templated on nozzle_diameter; resolved for this variant
Numakers PLA Matte @COREONE HF0.4,HF0.4,0.4,1,0,PLA,Numakers,21,230,235,60,60,20,0,1.027,,,,85,100,1,1,,0.02,conditional,S value templated on nozzle_diameter; resolved for this variant
Numakers PLA Matte @COREONE HF0.5,HF0.5,0.5,1,0,PLA,Numakers,24,230,235,60,60,20,0,1.027,,,,85,100,1,1,,0.016,conditional,S value templated on nozzle_diameter; resolved for this variant
Numakers PLA Matte @COREONE HF0.6,HF0.6,0.6,1,0,PLA,Numakers,28,230,235,60,60,20,0,1.027,,,,85,100,1,1,,0.014,conditional,S value templated on nozzle_diameter; resolved for this variant
Numakers PLA Matte @COREONE HF0.8,HF0.8,0.8,1,0,PLA,Numakers,35,230,235,60,60,20,0,1.027,,,,85,100,1,1,,0.01,conditional,S value templated on nozzle_diameter; resolved for this variant
Numakers PLA-CF @COREONE,0.4,0.4,0,0,PLA,Numakers,12,220,230,60,60,20,0,1.026,1,,,85,100,1,1,,0.018,conditional,S value templated on nozzle_diameter; resolved for this variant
Numakers PLA-CF @COREONE 0.6,0.6,0.6,0,0,PLA,Numakers,14,220,230,60,60,20,0,1.026,1,,,85,100,1,1,,0.014,conditional,S value templated on nozzle_diameter; resolved for this variant
Numakers PLA-CF @COREONE 0.8,0.8,0.8,0,0,PLA,Numakers,17,220,230,60,60,20,0,1.026,1,,,85,100,1,1,,0.01,conditional,S value templated on nozzle_diameter; resolved for this variant
Numakers PLA-CF @COREONE HF0.4,HF0.4,0.4,1,0,PLA,Numakers,18,220,230,60,60,20,0,1.026,1,,,85,100,1,1,,0.018,conditional,S value templated on nozzle_diameter; resolved for this variant
Numakers PLA-CF @COREONE HF0.5,HF0.5,0.5,1,0,PLA,Numakers,18,220,230,60,60,20,0,1.026,1,,,85,100,1,1,,0.016,conditional,S value templated on nozzle_diameter; resolved for this variant
Numakers PLA-CF @COREONE HF0.6,HF0.6,0.6,1,0,PLA,Numakers,25,220,230,60,60,20,0,1.026,1,,,85,100,1,1,,0.014,conditional,S value templated on nozzle_diameter; resolved for this variant
Numakers PLA-CF @COREONE HF0.8,HF0.8,0.8,1,0,PLA,Numakers,25,220,230,60,60,20,0,1.026,1,,,85,100,1,1,,0.01,conditional,S value templated on nozzle_diameter; resolved for this variant
Numakers PLA Wood @COREONE,0.4,0.4,0,0,PLA,Numakers,13,220,230,60,60,20,0,1.027,,,,85,100,1,1,,0.028,conditional,S value templated on nozzle_diameter; resolved for this variant
Numakers PLA Wood @COREONE 0.6,0.6,0.6,0,0,PLA,Numakers,15,220,230,60,60,20,0,1.027,,,,85,100,1,1,,0.017,conditional,S value templated on nozzle_diameter; resolved for this variant
Numakers PLA Wood @COREONE 0.8,0.8,0.8,0,0,PLA,Numakers,17,220,230,60,60,20,0,1.027,,,,85,100,1,1,,0.01,conditional,S value templated on nozzle_diameter; resolved for this variant
Numakers ABS @COREONE,0.4,0.4,0,0,ABS,Numakers,15,255,255,110,110,55,40,1.014,,,,15,20,1,0,0.22%,0.02,conditional,S value templated on nozzle_diameter; resolved for this variant
Numakers ABS @COREONE 0.6,0.6,0.6,0,0,ABS,Numakers,15,255,255,110,110,55,40,1.014,,,,15,20,1,0,0.22%,0.012,conditional,S value templated on nozzle_diameter; resolved for this variant
Numakers ABS @COREONE 0.8,0.8,0.8,0,0,ABS,Numakers,18,255,255,110,110,55,40,1.014,,,,15,20,1,0,0.22%,0.01,conditional,S value templated on nozzle_diameter; resolved for this variant
Numakers ABS @COREONE HF0.4,HF0.4,0.4,1,0,ABS,Numakers,25,255,255,110,110,55,40,1.014,,,,15,20,1,0,0.22%,0.02,conditional,S value templated on nozzle_diameter; resolved for this variant
Numakers ABS @COREONE HF0.5,HF0.5,0.5,1,0,ABS,Numakers,27,255,255,110,110,55,40,1.014,,,,15,20,1,0,0.22%,0.018,conditional,S value templated on nozzle_diameter; resolved for this variant
Numakers ABS @COREONE HF0.6,HF0.6,0.6,1,0,ABS,Numakers,34,255,255,110,110,55,40,1.014,,,,15,20,1,0,0.22%,0.015,conditional,S value templated on nozzle_diameter; resolved for this variant
Numakers ABS @COREONE HF0.8,HF0.8,0.8,1,0,ABS,Numakers,36,255,255,110,110,55,40,1.014,,,,15,20,1,0,0.22%,0.01,conditional,S value templated on nozzle_diameter; resolved for this variant
Numakers ASA @COREONE,0.4,0.4,0,0,ASA,Numakers,13,260,260,110,110,55,40,1.014,,,,20,25,1,1,0.22%,0.02,conditional,S value templated on nozzle_diameter; resolved for this variant
Numakers ASA @COREONE 0.6,0.6,0.6,0,0,ASA,Numakers,15,260,260,110,110,55,40,1.014,,,,20,25,1,1,0.22%,0.012,conditional,S value templated on nozzle_diameter; resolved for this variant
Numakers ASA @COREONE 0.8,0.8,0.8,0,0,ASA,Numakers,19,260,260,110,110,55,40,1.014,,,,20,30,1,1,0.22%,0.01,conditional,S value templated on nozzle_diameter; resolved for this variant
Numakers ASA @COREONE HF0.4,HF0.4,0.4,1,0,ASA,Numakers,15,260,260,110,110,55,40,1.014,,,,20,25,1,1,0.22%,0.02,conditional,S value templated on nozzle_diameter; resolved for this variant
Numakers ASA @COREONE HF0.5,HF0.5,0.5,1,0,ASA,Numakers,15,260,260,110,110,55,40,1.014,,,,20,25,1,1,0.22%,0.018,conditional,S value templated on nozzle_diameter; resolved for this variant
Numakers ASA @COREONE HF0.6,HF0.6,0.6,1,0,ASA,Numakers,17,260,260,110,110,55,40,1.014,,,,20,25,1,1,0.22%,0.015,conditional,S value templated on nozzle_diameter; resolved for this variant
Numakers ASA @COREONE HF0.8,HF0.8,0.8,1,0,ASA,Numakers,20,265,265,110,110,55,40,1.014,,,,20,30,1,1,0.22%,0.01,conditional,S value templated on nozzle_diameter; resolved for this variant
Polymaker PolyTerra PLA @COREONE,0.4,0.4,0,0,PLA,Polymaker,17,220,230,60,60,20,0,1,,,,85,100,1,1,,0.024,conditional,S value templated on nozzle_diameter; resolved for this variant
Polymaker PolyTerra PLA @COREONE 0.6,0.6,0.6,0,0,PLA,Polymaker,18,220,230,60,60,20,0,1,,,,85,100,1,1,,0.017,conditional,S value templated on nozzle_diameter; resolved for this variant
Polymaker PolyTerra PLA @COREONE 0.8,0.8,0.8,0,0,PLA,Polymaker,20,220,230,60,60,20,0,1,,,,85,100,1,1,,0.01,conditional,S value templated on nozzle_diameter; resolved for this variant
Polymaker PolyTerra PLA @COREONE HF0.4,HF0.4,0.4,1,0,PLA,Polymaker,26,225,230,60,60,20,0,1,,,,85,100,1,1,,0.024,conditional,S value templated on nozzle_diameter; resolved for this variant
Polymaker PolyTerra PLA @COREONE HF0.5,HF0.5,0.5,1,0,PLA,Polymaker,28,225,230,60,60,20,0,1,,,,85,100,1,1,,0.016,conditional,S value templated on nozzle_diameter; resolved for this variant
Polymaker PolyTerra PLA @COREONE HF0.6,HF0.6,0.6,1,0,PLA,Polymaker,33,225,230,60,60,20,0,1,,,,85,100,1,1,,0.017,conditional,S value templated on nozzle_diameter; resolved for this variant
Polymaker PolyTerra PLA @COREONE HF0.8,HF0.8,0.8,1,0,PLA,Polymaker,39,225,230,60,60,20,0,1,,,,85,100,1,1,,0.01,conditional,S value templated on nozzle_diameter; resolved for this variant
Overture PLA @COREONE,0.4,0.4,0,0,PLA,Overture,12,220,230,60,60,20,0,1,,,,85,100,1,1,,0.036,conditional,S value templated on nozzle_diameter; resolved for this variant
Overture PLA @COREONE 0.6,0.6,0.6,0,0,PLA,Overture,15.5,220,230,60,60,20,0,1,,,,85,100,1,1,,0.022,conditional,S value templated on nozzle_diameter; resolved for this variant
Overture PLA @COREONE 0.8,0.8,0.8,0,0,PLA,Overture,19,220,230,60,60,20,0,1,,,,85,100,1,1,,0.014,conditional,S value templated on nozzle_diameter; resolved for this variant
Overture PLA @COREONE HF0.4,HF0.4,0.4,1,0,PLA,Overture,21,220,230,60,60,20,0,1,,,,85,100,1,1,,0.036,conditional,S value templated on nozzle_diameter; resolved for this variant
Overture PLA @COREONE HF0.5,HF0.5,0.5,1,0,PLA,Overture,24,220,230,60,60,20,0,1,,,,85,100,1,1,,0.026,conditional,S value templated on nozzle_diameter; resolved for this variant
Overture PLA @COREONE HF0.6,HF0.6,0.6,1,0,PLA,Overture,28,220,230,60,60,20,0,1,,,,85,100,1,1,,0.022,conditional,S value templated on nozzle_diameter; resolved for this variant
Overture PLA @COREONE HF0.8,HF0.8,0.8,1,0,PLA,Overture,35,220,230,60,60,20,0,1,,,,85,100,1,1,,0.015,conditional,S value templated on nozzle_diameter; resolved for this variant
Overture PETG @COREONE,0.4,0.4,0,0,PETG,Overture,12,250,250,85,85,35,0,1,,0.8,,30,60,1,1,,0.055,conditional,S value templated on nozzle_diameter; resolved for this variant
Overture PETG @COREONE 0.6,0.6,0.6,0,0,PETG,Overture,17,250,250,85,85,35,0,1,,0.8,,30,60,1,1,,0.035,conditional,S value templated on nozzle_diameter; resolved for this variant
Overture PETG @COREONE 0.8,0.8,0.8,0,0,PETG,Overture,22,250,250,85,85,35,0,1,,0.8,,30,65,1,1,,0.02,conditional,S value templated on nozzle_diameter; resolved for this variant
Overture PETG @COREONE HF0.4,HF0.4,0.4,1,0,PETG,Overture,22,250,250,85,85,35,0,1,,0.8,,30,60,1,1,,0.055,conditional,S value templated on nozzle_diameter; resolved for this variant
Overture PETG @COREONE HF0.5,HF0.5,0.5,1,0,PETG,Overture,25,250,250,85,85,35,0,1,,0.8,,30,60,1,1,,0.044,conditional,S value templated on nozzle_diameter; resolved for this variant
Overture PETG @COREONE HF0.6,HF0.6,0.6,1,0,PETG,Overture,29,250,250,85,85,35,0,1,,0.8,,30,60,1,1,,0.035,conditional,S value templated on nozzle_diameter; resolved for this variant
Overture PETG @COREONE HF0.8,HF0.8,0.8,1,0,PETG,Overture,35,260,260,85,85,35,0,1,,0.8,,30,65,1,1,,0.022,conditional,S value templated on nozzle_diameter; resolved for this variant
Overture High Speed TPU @COREONE,0.4,0.4,0,0,FLEX,Overture,5,235,240,50,50,30,0,1.05,,1.5,60,40,50,1,1,,,,no M572 in start_filament_gcode
Overture High Speed TPU @COREONE 0.6,0.6,0.6,0,0,FLEX,Overture,6.5,235,240,50,50,30,0,1.05,,1.5,60,40,50,1,1,,,,no M572 in start_filament_gcode
Overture High Speed TPU @COREONE 0.8,0.8,0.8,0,0,FLEX,Overture,10,235,240,50,50,30,0,1.05,,1.5,60,40,50,1,1,,,,no M572 in start_filament_gcode
Alzament Basic PLA @COREONE,0.4,0.4,0,0,PLA,Alzament,15,220,230,60,60,20,0,1,,,,85,100,1,1,,0.026,conditional,S value templated on nozzle_diameter; resolved for this variant
Alzament Basic PLA @COREONE 0.6,0.6,0.6,0,0,PLA,Alzament,15.5,220,230,60,60,20,0,1,,,,85,100,1,1,,0.016,conditional,S value templated on nozzle_diameter; resolved for this variant
Alzament Basic PLA @COREONE 0.8,0.8,0.8,0,0,PLA,Alzament,19,220,230,60,60,20,0,1,,,,85,100,1,1,,0.01,conditional,S value templated on nozzle_diameter; resolved for this variant
Alzament Basic PLA @COREONE HF0.4,HF0.4,0.4,1,0,PLA,Alzament,21,220,230,60,60,20,0,1,,,,85,100,1,1,,0.026,conditional,S value templated on nozzle_diameter; resolved for this variant
Alzament Basic PLA @COREONE HF0.5,HF0.5,0.5,1,0,PLA,Alzament,24,220,230,60,60,20,0,1,,,,85,100,1,1,,0.018,conditional,S value templated on nozzle_diameter; resolved for this variant
Alzament Basic PLA @COREONE HF0.6,HF0.6,0.6,1,0,PLA,Alzament,28,220,230,60,60,20,0,1,,,,85,100,1,1,,0.016,conditional,S value templated on nozzle_diameter; resolved for this variant
Alzament Basic PLA @COREONE HF0.8,HF0.8,0.8,1,0,PLA,Alzament,35,220,230,60,60,20,0,1,,,,85,100,1,1,,0.01,conditional,S value templated on nozzle_diameter; resolved for this variant
Hatchbox PLA @COREONE,0.4,0.4,0,0,PLA,Hatchbox,13,220,230,60,60,20,0,1,,,,85,100,1,1,,0.036,conditional,S value templated on nozzle_diameter; resolved for this variant
Hatchbox PLA @COREONE 0.6,0.6,0.6,0,0,PLA,Hatchbox,15,220,230,60,60,20,0,1,,,,85,100,1,1,,0.022,conditional,S value templated on nozzle_diameter; resolved for this variant
Hatchbox PLA @COREONE 0.8,0.8,0.8,0,0,PLA,Hatchbox,19,220,230,60,60,20,0,1,,,,85,100,1,1,,0.014,conditional,S value templated on nozzle_diameter; resolved for this variant
Hatchbox PLA @COREONE HF0.4,HF0.4,0.4,1,0,PLA,Hatchbox,20,220,230,60,60,20,0,1,,,,85,100,1,1,,0.036,conditional,S value templated on nozzle_diameter; resolved for this variant
Hatchbox PLA @COREONE HF0.5,HF0.5,0.5,1,0,PLA,Hatchbox,22,220,230,60,60,20,0,1,,,,85,100,1,1,,0.026,conditional,S value templated on nozzle_diameter; resolved for this variant
Hatchbox PLA @COREONE HF0.6,HF0.6,0.6,1,0,PLA,Hatchbox,24,220,230,60,60,20,0,1,,,,85,100,1,1,,0.022,conditional,S value templated on nozzle_diameter; resolved for this variant
Hatchbox PLA @COREONE HF0.8,HF0.8,0.8,1,0,PLA,Hatchbox,32,220,230,60,60,20,0,1,,,,85,100,1,1,,0.015,conditional,S value templated on nozzle_diameter; resolved for this variant
Esun PLA @COREONE,0.4,0.4,0,0,PLA,Esun,13,220,230,60,60,20,0,1,,,,85,100,1,1,,0.03,conditional,S value templated on nozzle_diameter; resolved for this variant
Esun PLA @COREONE 0.6,0.6,0.6,0,0,PLA,Esun,15.5,220,230,60,60,20,0,1,,,,85,100,1,1,,0.018,conditional,S value templated on nozzle_diameter; resolved for this variant
Esun PLA @COREONE 0.8,0.8,0.8,0,0,PLA,Esun,19,220,230,60,60,20,0,1,,,,85,100,1,1,,0.012,conditional,S value templated on nozzle_diameter; resolved for this variant
Esun PLA @COREONE HF0.4,HF0.4,0.4,1,0,PLA,Esun,21,220,230,60,60,20,0,1,,,,85,100,1,1,,0.03,conditional,S value templated on nozzle_diameter; resolved for this variant
Esun PLA @COREONE HF0.5,HF0.5,0.5,1,0,PLA,Esun,24,220,230,60,60,20,0,1,,,,85,100,1,1,,0.021,conditional,S value templated on nozzle_diameter; resolved for this variant
Esun PLA @COREONE HF0.6,HF0.6,0.6,1,0,PLA,Esun,28,220,230,60,60,20,0,1,,,,85,100,1,1,,0.018,conditional,S value templated on nozzle_diameter; resolved for this variant
Esun PLA @COREONE HF0.8,HF0.8,0.8,1,0,PLA,Esun,35,220,230,60,60,20,0,1,,,,85,100,1,1,,0.012,conditional,S value templated on nozzle_diameter; resolved for this variant
Das Filament PLA @COREONE,0.4,0.4,0,0,PLA,Das Filament,15,220,230,60,60,20,0,1,,,,85,100,1,1,,0.036,conditional,S value templated on nozzle_diameter; resolved for this variant
Das Filament PLA @COREONE 0.6,0.6,0.6,0,0,PLA,Das Filament,15.5,220,230,60,60,20,0,1,,,,85,100,1,1,,0.022,conditional,S value templated on nozzle_diameter; resolved for this variant
Das Filament PLA @COREONE 0.8,0.8,0.8,0,0,PLA,Das Filament,19,220,230,60,60,20,0,1,,,,85,100,1,1,,0.014,conditional,S value templated on nozzle_diameter; resolved for this variant
Das Filament PLA @COREONE HF0.4,HF0.4,0.4,1,0,PLA,Das Filament,21,220,230,60,60,20,0,1,,,,85,100,1,1,,0.036,conditional,S value templated on nozzle_diameter; resolved for this variant
Das Filament PLA @COREONE HF0.5,HF0.5,0.5,1,0,PLA,Das Filament,24,220,230,60,60,20,0,1,,,,85,100,1,1,,0.026,conditional,S value templated on nozzle_diameter; resolved for this variant
Das Filament PLA @COREONE HF0.6,HF0.6,0.6,1,0,PLA,Das Filament,28,220,230,60,60,20,0,1,,,,85,100,1,1,,0.022,conditional,S value templated on nozzle_diameter; resolved for this variant
Das Filament PLA @COREONE HF0.8,HF0.8,0.8,1,0,PLA,Das Filament,35,220,230,60,60,20,0,1,,,,85,100,1,1,,0.015,conditional,S value templated on nozzle_diameter; resolved for this variant
EUMAKERS PLA @COREONE,0.4,0.4,0,0,PLA,EUMAKERS,13,220,230,60,60,20,0,1,,,,85,100,1,1,,0.036,conditional,S value templated on nozzle_diameter; resolved for this variant
EUMAKERS PLA @COREONE 0.6,0.6,0.6,0,0,PLA,EUMAKERS,15.5,220,230,60,60,20,0,1,,,,85,100,1,1,,0.022,conditional,S value templated on nozzle_diameter; resolved for this variant
EUMAKERS PLA @COREONE 0.8,0.8,0.8,0,0,PLA,EUMAKERS,19,220,230,60,60,20,0,1,,,,85,100,1,1,,0.014,conditional,S value templated on nozzle_diameter; resolved for this variant
EUMAKERS PLA @COREONE HF0.4,HF0.4,0.4,1,0,PLA,EUMAKERS,21,220,230,60,60,20,0,1,,,,85,100,1,1,,0.036,conditional,S value templated on nozzle_diameter; resolved for this variant
EUMAKERS PLA @COREONE HF0.5,HF0.5,0.5,1,0,PLA,EUMAKERS,24,220,230,60,60,20,0,1,,,,85,100,1,1,,0.026,conditional,S value templated on nozzle_diameter; resolved for this variant
EUMAKERS PLA @COREONE HF0.6,HF0.6,0.6,1,0,PLA,EUMAKERS,28,220,230,60,60,20,0,1,,,,85,100,1,1,,0.022,conditional,S value templated on nozzle_diameter; resolved for this variant
EUMAKERS PLA @COREONE HF0.8,HF0.8,0.8,1,0,PLA,EUMAKERS,35,220,230,60,60,20,0,1,,,,85,100,1,1,,0.015,conditional,S value templated on nozzle_diameter; resolved for this variant
Floreon3D PLA @COREONE,0.4,0.4,0,0,PLA,Floreon3D,15,220,230,60,60,20,0,1,,,,85,100,1,1,,0.036,conditional,S value templated on nozzle_diameter; resolved for this variant
Floreon3D PLA @COREONE 0.6,0.6,0.6,0,0,PLA,Floreon3D,15.5,220,230,60,60,20,0,1,,,,85,100,1,1,,0.022,conditional,S value templated on nozzle_diameter; resolved for this variant
Floreon3D PLA @COREONE 0.8,0.8,0.8,0,0,PLA,Floreon3D,19,220,230,60,60,20,0,1,,,,85,100,1,1,,0.014,conditional,S value templated on nozzle_diameter; resolved for this variant
Floreon3D PLA @COREONE HF0.4,HF0.4,0.4,1,0,PLA,Floreon3D,21,220,230,60,60,20,0,1,,,,85,100,1,1,,0.036,conditional,S value templated on nozzle_diameter; resolved for this variant
Floreon3D PLA @COREONE HF0.5,HF0.5,0.5,1,0,PLA,Floreon3D,24,220,230,60,60,20,0,1,,,,85,100,1,1,,0.026,conditional,S value templated on nozzle_diameter; resolved for this variant
Floreon3D PLA @COREONE HF0.6,HF0.6,0.6,1,0,PLA,Floreon3D,28,220,230,60,60,20,0,1,,,,85,100,1,1,,0.022,conditional,S value templated on nozzle_diameter; resolved for this variant
Floreon3D PLA @COREONE HF0.8,HF0.8,0.8,1,0,PLA,Floreon3D,35,220,230,60,60,20,0,1,,,,85,100,1,1,,0.015,conditional,S value templated on nozzle_diameter; resolved for this variant
Prusament PLA @COREONE,0.4,0.4,0,0,PLA,Prusa Polymers,15,225,230,60,60,20,0,1,,,,85,100,1,1,,0.036,conditional,S value templated on nozzle_diameter; resolved for this variant
Prusament PLA @COREONE 0.6,0.6,0.6,0,0,PLA,Prusa Polymers,15.5,220,230,60,60,20,0,1,,,,85,100,1,1,,0.022,conditional,S value templated on nozzle_diameter; resolved for this variant
Prusament PLA @COREONE 0.8,0.8,0.8,0,0,PLA,Prusa Polymers,19,225,230,60,60,20,0,1,,,,85,100,1,1,,0.014,conditional,S value templated on nozzle_diameter; resolved for this variant
Prusament PLA @COREONE HF0.4,HF0.4,0.4,1,0,PLA,Prusa Polymers,24,230,230,60,60,20,0,1,,,,85,100,1,1,,0.036,conditional,S value templated on nozzle_diameter; resolved for this variant
Prusament PLA @COREONE HF0.5,HF0.5,0.5,1,0,PLA,Prusa Polymers,27,230,230,60,60,20,0,1,,,,85,100,1,1,,0.026,conditional,S value templated on nozzle_diameter; resolved for this variant
Prusament PLA @COREONE HF0.6,HF0.6,0.6,1,0,PLA,Prusa Polymers,30,230,230,60,60,20,0,1,,,,85,100,1,1,,0.022,conditional,S value templated on nozzle_diameter; resolved for this variant
Prusament PLA @COREONE HF0.8,HF0.8,0.8,1,0,PLA,Prusa Polymers,36,230,230,60,60,20,0,1,,,,85,100,1,1,,0.015,conditional,S value templated on nozzle_diameter; resolved for this variant
Prusament PLA @COREONEINDX HF0.4,INDX HF0.4,0.4,1,1,PLA,Prusa Polymers,28,225,230,60,60,20,0,1,,0.8,,100,100,1,1,,0.038,,
Prusament PLA High Speed @COREONE,0.4,0.4,0,0,PLA,Prusa Polymers,17,220,215,60,60,20,0,1,,,,85,100,1,1,,0.031,conditional,S value templated on nozzle_diameter; resolved for this variant
Prusament PLA High Speed @COREONE 0.6,0.6,0.6,0,0,PLA,Prusa Polymers,19,220,215,60,60,20,0,1,,,,85,100,1,1,,0.019,conditional,S value templated on nozzle_diameter; resolved for this variant
Prusament PLA High Speed @COREONE HF0.4,HF0.4,0.4,1,0,PLA,Prusa Polymers,28,220,215,60,60,20,0,1,,,,85,100,1,1,,0.031,conditional,S value templated on nozzle_diameter; resolved for this variant
Prusament PLA High Speed @COREONE HF0.6,HF0.6,0.6,1,0,PLA,Prusa Polymers,31,220,215,60,60,20,0,1,,,,85,100,1,1,,0.019,conditional,S value templated on nozzle_diameter; resolved for this variant
Prusament Woodfill @COREONE,0.4,0.4,0,0,PLA,Prusa Polymers,10,195,195,60,60,20,0,1,,,,85,100,1,1,,0.036,conditional,S value templated on nozzle_diameter; resolved for this variant
Prusament Woodfill @COREONE 0.6,0.6,0.6,0,0,PLA,Prusa Polymers,12,195,195,60,60,20,0,1,,,,85,100,1,1,,0.022,conditional,S value templated on nozzle_diameter; resolved for this variant
Prusament Woodfill @COREONE 0.8,0.8,0.8,0,0,PLA,Prusa Polymers,15,195,195,60,60,20,0,1,,,,85,100,1,1,,0.014,conditional,S value templated on nozzle_diameter; resolved for this variant
Prusament Woodfill @COREONEINDX HF0.4,INDX HF0.4,0.4,1,1,PLA,Prusa Polymers,10,195,195,60,60,20,0,1,,,,85,100,1,1,,0.04,,
Prusament rPLA @COREONE,0.4,0.4,0,0,PLA,Prusa Polymers,10,205,205,60,60,20,0,1,,,,85,100,1,1,,0.036,conditional,S value templated on nozzle_diameter; resolved for this variant
Prusament rPLA @COREONE 0.6,0.6,0.6,0,0,PLA,Prusa Polymers,14,205,205,60,60,20,0,1,,,,85,100,1,1,,0.022,conditional,S value templated on nozzle_diameter; resolved for this variant
Prusament rPLA @COREONE 0.8,0.8,0.8,0,0,PLA,Prusa Polymers,14,205,205,60,60,20,0,1,,,,85,100,1,1,,0.014,conditional,S value templated on nozzle_diameter; resolved for this variant
Prusament rPLA @COREONEINDX HF0.4,INDX HF0.4,0.4,1,1,PLA,Prusa Polymers,10,205,205,60,60,20,0,1,,,,85,100,1,1,,0.055,,
Prusament PLA Blend @COREONE,0.4,0.4,0,0,PLA,Prusa Polymers,7.5,225,230,60,60,20,0,1,,,,85,100,1,1,,0.033,conditional,S value templated on nozzle_diameter; resolved for this variant
Prusament PLA Blend @COREONE 0.6,0.6,0.6,0,0,PLA,Prusa Polymers,9,215,230,60,60,20,0,1,,,,85,100,1,1,,0.018,conditional,S value templated on nozzle_diameter; resolved for this variant
Prusament PLA Blend @COREONE 0.8,0.8,0.8,0,0,PLA,Prusa Polymers,12,225,230,60,60,20,0,1,,,,85,100,1,1,,0.012,conditional,S value templated on nozzle_diameter; resolved for this variant
Prusament PLA Blend @COREONEINDX HF0.4,INDX HF0.4,0.4,1,1,PLA,Prusa Polymers,12.5,225,230,60,60,20,0,1,,0.8,,100,100,1,1,,0.032,,
Prusament PVB @COREONE,0.4,0.4,0,0,PVB,Prusa Polymers,6,215,215,75,75,20,0,1,,,,100,100,1,1,,0.036,conditional,S value templated on nozzle_diameter; resolved for this variant
Prusament PVB @COREONE 0.6,0.6,0.6,0,0,PVB,Prusa Polymers,15.5,215,215,75,75,20,0,1,,,,100,100,1,1,,0.022,conditional,S value templated on nozzle_diameter; resolved for this variant
Prusament PVB @COREONE 0.8,0.8,0.8,0,0,PVB,Prusa Polymers,19,225,225,75,75,20,0,1,,,,100,100,1,1,,0.014,conditional,S value templated on nozzle_diameter; resolved for this variant
Fillamentum Flexfill 98A @COREONE,0.4,0.4,0,0,FLEX,Fillamentum,2,240,240,50,50,30,0,1.08,,3,60,45,45,0,1,,,,no M572 in start_filament_gcode
Fillamentum Flexfill 98A @COREONE 0.6,0.6,0.6,0,0,FLEX,Fillamentum,3,235,240,50,50,30,0,1.08,,3,60,45,45,0,1,,,,no M572 in start_filament_gcode
Fillamentum Flexfill 98A @COREONE 0.8,0.8,0.8,0,0,FLEX,Fillamentum,8,240,240,50,50,30,0,1.08,,3,60,45,45,0,1,,,,no M572 in start_filament_gcode
Prusament TPU 95A @COREONE,0.4,0.4,0,0,FLEX,Prusa Polymers,2.5,225,225,65,65,30,0,1.09,,,,65,65,0,1,,,,no M572 in start_filament_gcode
Prusament TPU 95A @COREONE 0.6,0.6,0.6,0,0,FLEX,Prusa Polymers,4,230,230,65,65,30,0,1.1,,,60,65,65,0,1,,,,no M572 in start_filament_gcode
Prusament TPU 95A @COREONE 0.8,0.8,0.8,0,0,FLEX,Prusa Polymers,8,230,230,65,65,30,0,1.1,,,60,65,65,0,1,,,,no M572 in start_filament_gcode
ColorFabb VarioShore TPU @COREONE,0.4,0.4,0,0,FLEX,ColorFabb,1.5,220,220,50,50,30,0,0.85,,1.2,60,45,45,0,1,,,,no M572 in start_filament_gcode
Taulman Bridge @COREONE,0.4,0.4,0,0,PA,Taulman,7,260,260,110,90,55,40,1,,,,15,15,0,0,0.28%,0.05,conditional,S value templated on nozzle_diameter; resolved for this variant
Taulman Bridge @COREONE 0.6,0.6,0.6,0,0,PA,Taulman,9,255,260,110,90,55,40,1,,,,15,15,0,0,0.28%,0.025,conditional,S value templated on nozzle_diameter; resolved for this variant
Taulman Bridge @COREONE 0.8,0.8,0.8,0,0,PA,Taulman,12,270,270,110,90,55,40,1,,,,15,15,0,0,0.28%,0.016,conditional,S value templated on nozzle_diameter; resolved for this variant
Fillamentum Nylon FX256 @COREONE,0.4,0.4,0,0,PA,Fillamentum,6,250,250,90,90,55,40,1,,,,0,0,1,0,0.28%,0.05,conditional,S value templated on nozzle_diameter; resolved for this variant
Fillamentum Nylon FX256 @COREONE 0.6,0.6,0.6,0,0,PA,Fillamentum,8,250,250,90,90,55,40,1,,,,0,0,1,0,0.28%,0.025,conditional,S value templated on nozzle_diameter; resolved for this variant
Fillamentum Nylon FX256 @COREONE 0.8,0.8,0.8,0,0,PA,Fillamentum,11,250,250,90,90,55,40,1,,,,0,0,1,0,0.28%,0.016,conditional,S value templated on nozzle_diameter; resolved for this variant
Fiberthree F3 PA Pure Pro @COREONE,0.4,0.4,0,0,PA,Fiberthree,5,285,285,90,90,55,40,1,,2,40,15,15,1,1,0.28%,0.05,conditional,S value templated on nozzle_diameter; resolved for this variant
Fiberthree F3 PA Pure Pro @COREONE 0.6,0.6,0.6,0,0,PA,Fiberthree,7,275,285,90,90,55,40,1,,2,40,15,15,1,1,0.28%,0.025,conditional,S value templated on nozzle_diameter; resolved for this variant
Fiberthree F3 PA Pure Pro @COREONE 0.8,0.8,0.8,0,0,PA,Fiberthree,10,285,285,90,90,55,40,1,,2,40,15,15,1,1,0.28%,0.016,conditional,S value templated on nozzle_diameter; resolved for this variant
Fiberthree F3 PA-CF Pro @COREONE,0.4,0.4,0,0,PA,Fiberthree,5,285,285,90,90,55,40,1,1,2,40,0,0,1,0,0%,0.05,conditional,S value templated on nozzle_diameter; resolved for this variant
Fiberthree F3 PA-CF Pro @COREONE 0.6,0.6,0.6,0,0,PA,Fiberthree,7,275,285,90,90,55,40,1,1,2,40,0,0,1,0,0%,0.025,conditional,S value templated on nozzle_diameter; resolved for this variant
Fiberthree F3 PA-CF Pro @COREONE 0.8,0.8,0.8,0,0,PA,Fiberthree,10,285,285,90,90,55,40,1,1,2,40,0,0,1,0,0%,0.016,conditional,S value templated on nozzle_diameter; resolved for this variant
Fiberthree F3 PA-GF Pro @COREONE,0.4,0.4,0,0,PA,Fiberthree,5,285,285,90,90,55,40,1,1,2,40,10,15,1,1,0%,0.05,conditional,S value templated on nozzle_diameter; resolved for this variant
Fiberthree F3 PA-GF Pro @COREONE 0.6,0.6,0.6,0,0,PA,Fiberthree,7,285,285,90,90,55,40,1,1,2,40,10,15,1,1,0%,0.025,conditional,S value templated on nozzle_diameter; resolved for this variant
Fiberthree F3 PA-GF Pro @COREONE 0.8,0.8,0.8,0,0,PA,Fiberthree,10,285,285,90,90,55,40,1,1,2,40,10,15,1,1,0%,0.016,conditional,S value templated on nozzle_diameter; resolved for this variant
Fiberthree F3 PA-GF30 Pro @COREONE,0.4,0.4,0,0,PA,Fiberthree,6,285,275,90,90,55,40,1.03,1,,,12,15,1,0,0%,0.05,conditional,S value templated on nozzle_diameter; resolved for this variant
Fiberthree F3 PA-GF30 Pro @COREONE 0.6,0.6,0.6,0,0,PA,Fiberthree,7.5,275,275,90,90,55,40,1.03,1,,,12,15,1,0,0%,0.025,conditional,S value templated on nozzle_diameter; resolved for this variant
Fiberthree F3 PA-GF30 Pro @COREONE 0.8,0.8,0.8,0,0,PA,Fiberthree,10,285,275,90,90,55,40,1.03,1,,,12,15,1,0,0%,0.016,conditional,S value templated on nozzle_diameter; resolved for this variant
Taulman T-Glase @COREONE,0.4,0.4,0,0,PETG,Taulman,5,240,240,90,90,55,40,1,,1,,15,15,0,0,0.28%,0.05,conditional,S value templated on nozzle_diameter; resolved for this variant
Taulman T-Glase @COREONE 0.6,0.6,0.6,0,0,PETG,Taulman,7,240,240,90,90,55,40,1,,1,,15,15,0,0,0.28%,0.025,conditional,S value templated on nozzle_diameter; resolved for this variant
Taulman T-Glase @COREONE 0.8,0.8,0.8,0,0,PETG,Taulman,10,240,240,90,90,55,40,1,,1,,15,15,0,0,0.28%,0.016,conditional,S value templated on nozzle_diameter; resolved for this variant
Verbatim PLA @COREONE,0.4,0.4,0,0,PLA,Verbatim,15,220,230,60,60,20,0,1,,,,85,100,1,1,,0.036,conditional,S value templated on nozzle_diameter; resolved for this variant
Verbatim PLA @COREONE 0.6,0.6,0.6,0,0,PLA,Verbatim,15.5,220,230,60,60,20,0,1,,,,85,100,1,1,,0.022,conditional,S value templated on nozzle_diameter; resolved for this variant
Verbatim PLA @COREONE 0.8,0.8,0.8,0,0,PLA,Verbatim,19,220,230,60,60,20,0,1,,,,85,100,1,1,,0.014,conditional,S value templated on nozzle_diameter; resolved for this variant
Verbatim PLA @COREONE HF0.4,HF0.4,0.4,1,0,PLA,Verbatim,21,220,230,60,60,20,0,1,,,,85,100,1,1,,0.036,conditional,S value templated on nozzle_diameter; resolved for this variant
Verbatim PLA @COREONE HF0.5,HF0.5,0.5,1,0,PLA,Verbatim,24,220,230,60,60,20,0,1,,,,85,100,1,1,,0.026,conditional,S value templated on nozzle_diameter; resolved for this variant
Verbatim PLA @COREONE HF0.6,HF0.6,0.6,1,0,PLA,Verbatim,28,220,230,60,60,20,0,1,,,,85,100,1,1,,0.022,conditional,S value templated on nozzle_diameter; resolved for this variant
Verbatim PLA @COREONE HF0.8,HF0.8,0.8,1,0,PLA,Verbatim,35,220,230,60,60,20,0,1,,,,85,100,1,1,,0.015,conditional,S value templated on nozzle_diameter; resolved for this variant
Verbatim BVOH @COREONE,0.4,0.4,0,0,PVA,Verbatim,4,220,220,60,60,0,0,1,,,,15,20,0,0,0%,0.02,conditional,S value templated on nozzle_diameter; resolved for this variant
Verbatim BVOH @COREONE 0.6,0.6,0.6,0,0,PVA,Verbatim,5,220,220,60,60,0,0,1,,,,15,20,0,0,0%,0.012,conditional,S value templated on nozzle_diameter; resolved for this variant
Verbatim BVOH @COREONE 0.8,0.8,0.8,0,0,PVA,Verbatim,8,215,220,60,60,0,0,1,,,,15,20,0,0,0.22%,0.01,conditional,S value templated on nozzle_diameter; resolved for this variant
Verbatim BVOH @COREONE HF0.4,HF0.4,0.4,1,0,PVA,Verbatim,4,220,220,60,60,0,0,1,,,,100,100,0,0,,0.02,conditional,S value templated on nozzle_diameter; resolved for this variant
Verbatim BVOH @COREONE HF0.6,HF0.6,0.6,1,0,PVA,Verbatim,5,220,220,60,60,0,0,1,,,,100,100,0,0,,0.012,conditional,S value templated on nozzle_diameter; resolved for this variant
Polymaker PolyDissolve S1 @COREONE,0.4,0.4,0,0,PVA,Polymaker,4,215,220,60,60,0,0,1,,,,25,25,1,1,,0.036,conditional,S value templated on nozzle_diameter; resolved for this variant
Polymaker PolyDissolve S1 @COREONE 0.6,0.6,0.6,0,0,PVA,Polymaker,5,215,220,60,60,0,0,1,,,,25,25,1,1,,0.022,conditional,S value templated on nozzle_diameter; resolved for this variant
Polymaker PolyDissolve S1 @COREONE 0.8,0.8,0.8,0,0,PVA,Polymaker,8,215,220,60,60,0,0,1,,,,25,25,1,1,,0.014,conditional,S value templated on nozzle_diameter; resolved for this variant
Polymaker PolyDissolve S1 @COREONE HF0.4,HF0.4,0.4,1,0,PVA,Polymaker,4,215,220,60,60,0,0,1,,,,25,25,1,1,,0.036,conditional,S value templated on nozzle_diameter; resolved for this variant
Fiberlogy BVOH @COREONE,0.4,0.4,0,0,PVA,Fiberlogy,4,220,220,60,60,0,0,1,,,,15,20,0,0,0%,0.02,conditional,S value templated on nozzle_diameter; resolved for this variant
Fiberlogy BVOH @COREONE 0.6,0.6,0.6,0,0,PVA,Fiberlogy,5,220,220,60,60,0,0,1,,,,15,20,0,0,0%,0.012,conditional,S value templated on nozzle_diameter; resolved for this variant
Fiberlogy BVOH @COREONE 0.8,0.8,0.8,0,0,PVA,Fiberlogy,8,215,220,60,60,0,0,1,,,,15,20,0,0,0.22%,0.01,conditional,S value templated on nozzle_diameter; resolved for this variant
Fiberlogy BVOH @COREONE HF0.4,HF0.4,0.4,1,0,PVA,Fiberlogy,4,220,220,60,60,0,0,1,,,,100,100,0,0,,0.02,conditional,S value templated on nozzle_diameter; resolved for this variant
Fiberlogy BVOH @COREONE HF0.6,HF0.6,0.6,1,0,PVA,Fiberlogy,5,220,220,60,60,0,0,1,,,,100,100,0,0,,0.012,conditional,S value templated on nozzle_diameter; resolved for this variant
Verbatim PP @COREONE,0.4,0.4,0,0,PP,Verbatim,5,220,220,100,100,0,0,1,,,60,100,100,1,1,0%,,,no M572 in start_filament_gcode
Verbatim PP @COREONE 0.6,0.6,0.6,0,0,PP,Verbatim,7,220,220,100,100,0,0,1,,,60,100,100,1,1,0%,,,no M572 in start_filament_gcode
Verbatim PP @COREONE 0.8,0.8,0.8,0,0,PP,Verbatim,10,220,220,100,100,0,0,1,,,60,100,100,1,1,0%,,,no M572 in start_filament_gcode
FormFutura Centaur PP @COREONE,0.4,0.4,0,0,PP,FormFutura,4,235,235,85,85,0,0,1.05,,,60,50,50,1,1,0%,,,no M572 in start_filament_gcode
FormFutura Centaur PP @COREONE 0.6,0.6,0.6,0,0,PP,FormFutura,6,235,235,85,85,0,0,1.05,,,60,50,50,1,1,0%,,,no M572 in start_filament_gcode
FormFutura Centaur PP @COREONE 0.8,0.8,0.8,0,0,PP,FormFutura,8,240,240,85,85,0,0,1.05,,,60,50,50,1,1,0%,,,no M572 in start_filament_gcode
